{
  "beamling_black": {
    "name": "beamling_black",
    "mapTo": "beamling_black",
    "class": "material",
    "persistentId": "6710d599-a6ed-4fa3-b405-784bcc3e43bc",
    "Stages": [
      {
        "baseColorFactor": [
          0,
          0,
          0,
          1
        ],
        "metallicFactor": 0.165000007,
        "roughnessFactor": 0.460000008
      },
      {
        "baseColorFactor": null,
        "metallicFactor": null,
        "roughnessFactor": null
      },
      {
        "baseColorFactor": null,
        "metallicFactor": null,
        "roughnessFactor": null
      },
      {
        "baseColorFactor": null,
        "metallicFactor": null,
        "roughnessFactor": null
      }
    ],
    "dynamicCubemap": true,
    "materialTag0": "beamng",
    "materialTag1": "vehicle",
    "version": 1.5
  },
  "beamling_blue": {
    "name": "beamling_blue",
    "mapTo": "beamling_blue",
    "class": "Material",
    "persistentId": "26aea906-b14a-4cc7-b44c-7b3c4d3d78c4",
    "Stages": [
      {
        "baseColorFactor": [
          0.0250300001,
          0.0629760027,
          0.693305016,
          1
        ],
        "metallicFactor": 0.138999999,
        "roughnessFactor": 0.372000009
      },
      {
        "baseColorFactor": null,
        "metallicFactor": null,
        "roughnessFactor": null
      },
      {
        "baseColorFactor": null,
        "metallicFactor": null,
        "roughnessFactor": null
      },
      {
        "baseColorFactor": null,
        "metallicFactor": null,
        "roughnessFactor": null
      }
    ],
    "dynamicCubemap": true,
    "materialTag0": "beamng",
    "materialTag1": "vehicle",
    "version": 1.5
  },
  "beamling_bodycolour": {
    "name": "beamling_bodycolour",
    "mapTo": "beamling_bodycolour",
    "class": "material",
    "persistentId": "cc01b1b0-86f7-41e5-87a1-ab3fe97e3e32",
    "Stages": [
      {
        "colorPaletteMap": "/vehicles/unicycle/colour_palette_clothing_map.png",
        "metallicFactor": 0.184,
        "roughnessFactor": 0.595000029
      },
      {
        "metallicFactor": null,
        "roughnessFactor": null
      },
      {
        "metallicFactor": null,
        "roughnessFactor": null
      },
      {
        "metallicFactor": null,
        "roughnessFactor": null
      }
    ],
    "dynamicCubemap": true,
    "materialTag0": "beamng",
    "materialTag1": "vehicle",
    "version": 1.5
  },
  "beamling_brown": {
    "name": "beamling_brown",
    "mapTo": "beamling_brown",
    "class": "Material",
    "persistentId": "928d4c79-3180-44b3-9e6f-638b8d6b25c3",
    "Stages": [
      {
        "baseColorFactor": [
          0.386611015,
          0.230151996,
          0.113472998,
          1
        ],
        "metallicFactor": 0.236000001,
        "roughnessFactor": 0.640999973
      },
      {
        "baseColorFactor": null,
        "metallicFactor": null,
        "roughnessFactor": null
      },
      {
        "baseColorFactor": null,
        "metallicFactor": null,
        "roughnessFactor": null
      },
      {
        "baseColorFactor": null,
        "metallicFactor": null,
        "roughnessFactor": null
      }
    ],
    "dynamicCubemap": true,
    "materialTag0": "beamng",
    "materialTag1": "vehicle",
    "version": 1.5
  },
  "beamling_gold": {
    "name": "beamling_gold",
    "mapTo": "beamling_gold",
    "class": "Material",
    "persistentId": "51b5d7df-78f7-4627-ace5-bb951242a801",
    "Stages": [
      {
        "baseColorFactor": [
          0.759025991,
          0.641292989,
          0.201994002,
          1
        ],
        "metallicFactor": 0.786000013,
        "roughnessFactor": 0.196999997
      },
      {
        "baseColorFactor": null,
        "metallicFactor": null,
        "roughnessFactor": null
      },
      {
        "baseColorFactor": null,
        "metallicFactor": null,
        "roughnessFactor": null
      },
      {
        "baseColorFactor": null,
        "metallicFactor": null,
        "roughnessFactor": null
      }
    ],
    "dynamicCubemap": true,
    "materialTag0": "beamng",
    "materialTag1": "vehicle",
    "version": 1.5
  },
  "beamling_green": {
    "name": "beamling_green",
    "mapTo": "beamling_green",
    "class": "Material",
    "persistentId": "51367be0-98ce-42e9-9d51-d42b62a8740b",
    "Stages": [
      {
        "baseColorFactor": [
          0.0335440002,
          0.638538003,
          0.0335440002,
          1
        ],
        "metallicFactor": 0.0710000023,
        "roughnessFactor": 0.540000021
      },
      {
        "baseColorFactor": null,
        "metallicFactor": null,
        "roughnessFactor": null
      },
      {
        "baseColorFactor": null,
        "metallicFactor": null,
        "roughnessFactor": null
      },
      {
        "baseColorFactor": null,
        "metallicFactor": null,
        "roughnessFactor": null
      }
    ],
    "dynamicCubemap": true,
    "materialTag0": "beamng",
    "materialTag1": "vehicle",
    "version": 1.5
  },
  "beamling_hair": {
    "name": "beamling_hair",
    "mapTo": "beamling_hair",
    "class": "material",
    "persistentId": "19fd73c0-64eb-4434-8b50-74afa3631e36",
    "Stages": [
      {
        "colorPaletteMap": "/vehicles/unicycle/colour_palette_hair_map.png",
        "roughnessFactor": 0.675999999
      },
      {
        "roughnessFactor": null
      },
      {
        "roughnessFactor": null
      },
      {
        "roughnessFactor": null
      }
    ],
    "dynamicCubemap": true,
    "materialTag0": "beamng",
    "materialTag1": "vehicle",
    "version": 1.5
  },
  "beamling_metal": {
    "name": "beamling_metal",
    "mapTo": "beamling_metal",
    "class": "material",
    "persistentId": "b7067cf1-f129-4282-983b-7a63840a3a48",
    "Stages": [
      {
        "baseColorFactor": [
          0.52352798,
          0.52352798,
          0.52352798,
          1
        ],
        "metallicFactor": 0.541999996,
        "roughnessFactor": 0.611999989
      },
      {
        "baseColorFactor": null,
        "metallicFactor": null,
        "roughnessFactor": null
      },
      {
        "baseColorFactor": null,
        "metallicFactor": null,
        "roughnessFactor": null
      },
      {
        "baseColorFactor": null,
        "metallicFactor": null,
        "roughnessFactor": null
      }
    ],
    "dynamicCubemap": true,
    "materialTag0": "beamng",
    "materialTag1": "vehicle",
    "version": 1.5
  },
  "beamling_orange": {
    "name": "beamling_orange",
    "mapTo": "beamling_orange",
    "class": "material",
    "persistentId": "b055c593-8a46-4c3f-995d-d5141c3ec5a9",
    "Stages": [
      {
        "baseColorFactor": [
          1,
          0.400000006,
          0,
          1
        ],
        "metallicFactor": 0.31099999,
        "roughnessFactor": 0
      },
      {
        "baseColorFactor": null,
        "metallicFactor": null,
        "roughnessFactor": null
      },
      {
        "baseColorFactor": null,
        "metallicFactor": null,
        "roughnessFactor": null
      },
      {
        "baseColorFactor": null,
        "metallicFactor": null,
        "roughnessFactor": null
      }
    ],
    "dynamicCubemap": true,
    "materialTag0": "beamng",
    "materialTag1": "vehicle",
    "version": 1.5
  },
  "beamling_pink": {
    "name": "beamling_pink",
    "mapTo": "beamling_pink",
    "class": "material",
    "persistentId": "e6f809a5-36ad-4c91-9a98-73d3e37856a9",
    "Stages": [
      {
        "baseColorFactor": [
          0.961663008,
          0.845794976,
          0.954657018,
          1
        ]
      },
      {
        "baseColorFactor": null
      },
      {
        "baseColorFactor": null
      },
      {
        "baseColorFactor": null
      }
    ],
    "dynamicCubemap": true,
    "materialTag0": "beamng",
    "materialTag1": "vehicle",
    "version": 1.5
  },
  "beamling_santa": {
    "name": "beamling_santa",
    "mapTo": "beamling_santa",
    "class": "Material",
    "persistentId": "b055c593-8a46-4c3f-995d-d5141c3ec5a9",
    "Stages": [
      {
        "baseColorFactor": [
          0.857605994,
          0.196729004,
          0.096717,
          1
        ],
        "roughnessFactor": 0.575999975
      },
      {
        "baseColorFactor": null,
        "roughnessFactor": null
      },
      {
        "baseColorFactor": null,
        "roughnessFactor": null
      },
      {
        "baseColorFactor": null,
        "roughnessFactor": null
      }
    ],
    "dynamicCubemap": true,
    "materialTag0": "beamng",
    "materialTag1": "vehicle",
    "version": 1.5
  },
  "beamling_skin": {
    "name": "beamling_skin",
    "mapTo": "beamling_skin",
    "class": "Material",
    "persistentId": "b2c1d71a-7b67-4103-8a5e-fd53250d70bf",
    "Stages": [
      {
        "colorPaletteMap": "/vehicles/unicycle/colour_palette_skin_map.png"
      },
      {},
      {},
      {}
    ],
    "dynamicCubemap": true,
    "materialTag0": "beamng",
    "materialTag1": "vehicle",
    "version": 1.5
  },
  "unicycle_debug": {
    "name": "unicycle_debug",
    "mapTo": "unicycle_debug",
    "class": "Material",
    "persistentId": "9bb1b50b-0ad7-4485-8341-81a8a649d5a7",
    "Stages": [
      {
        "diffuseColor": [
          0.639999986,
          0.639999986,
          0.639999986,
          1
        ]
      },
      {},
      {},
      {}
    ],
    "order_simset": 1028334744,
    "translucentBlendOp": "None"
  },
  "unicycle_snowman": {
    "name": "unicycle_snowman",
    "mapTo": "unicycle_snowman",
    "class": "Material",
    "persistentId": "915574fa-c39e-490b-a9bd-cef99ea305e5",
    "Stages": [
      {
        "colorMap": "snowman_d.dds",
        "diffuseColor": [
          1,
          1,
          1,
          1
        ],
        "normalMap": "snowman_n.dds",
        "pixelSpecular": true,
        "specularMap": "snowman_s.dds",
        "specularPower": 16,
        "useAnisotropic": true
      },
      {},
      {},
      {}
    ],
    "order_simset": -1136139170,
    "translucentBlendOp": "None"
  }
}