{
  "ui.playmodes.multiplayer": "Mehrspieler",
  "ui.options.multiplayer": "Mehrspieler",
  "ui.options.multiplayer.protectConfigFromClone": "Aktiviere Konfigurationsschutz",
  "ui.options.multiplayer.protectConfigFromClone.tooltip": "Schütze deine Konfiguration vor dem Klonen durch andere Spieler",
  "ui.options.multiplayer.enableNewChatMenu": "Neues Chat Menü",
  "ui.options.multiplayer.enableNewChatMenu.tooltip": "Das neue Chat Menü verwendet ImGui. Es ist anpassbar, schlicht und fantastisch.",
  "ui.options.multiplayer.enablePosSmoother": "Aktiviere reibungslosere Positions updates",
  "ui.options.multiplayer.enablePosSmoother.tooltip": "Positions updates von Spielern mit einer instabilen verbindung führen zu desync. Diese option versucht das zu verhindern",
  "ui.options.multiplayer.autoSyncVehicles": "Synchronisiere änderungen automatisch",
  "ui.options.multiplayer.autoSyncVehicles.tooltip": "Wenn aktiviert, werden die Fahrzeugteile nach einigen Sekunden automatisch mit anderen Spielern synchronisiert",
  "ui.options.multiplayer.queueSpawnEdit": "Aktiviere Fahrzeug modifikations Warteschlange",
  "ui.options.multiplayer.queueSpawnEdit.tooltip": "Wenn aktiviert, werden Fahrzeug-Spawns und Bearbeitungen von anderen Spielern in eine Warteschlange gestellt, anstatt sofort angewendet zu werden",
  "ui.options.multiplayer.queueAuto": "Automatisch Modifikationen/Änderungen von Fahrzeugen in der Warteschlange anwenden",
  "ui.options.multiplayer.queueAuto.tooltip": "Wenn aktiviert, werden Fahrzeuge in der Warteschlange erst dann gespawnt, wenn dein Fahrzeug zum Stillstand gekommen ist",
  "ui.options.multiplayer.highlightQueuedPlayers": "Spieler in der Warteschlange hervorheben",
  "ui.options.multiplayer.highlightQueuedPlayers.tooltip": "Spieler in der Spielerliste hervorheben, wenn sie Ereignisse in der Warteschlange haben",
  "ui.options.multiplayer.playerlistLeftclick": "Spielerliste Linksklick-Aktion",	
  "ui.options.multiplayer.playerlistLeftclick.tooltip": "Wähle was passiert, wenn du mit der linken Maustaste auf einen Spielernamen in der Spielerliste klickst",
  "ui.options.multiplayer.queueApplySpeed": "Warteschlange abarbeiten wenn Geschwindigkeit unter",
  "ui.options.multiplayer.queueApplySpeed.tooltip": "Dein Fahrzeug muss langsamer als diese Geschwindigkeit fahren, damit die wartenden Bearbeitungen angewendet werden",
  "ui.options.multiplayer.queueApplyTimeout": "Zeitverzögerung für Warteschlange",
  "ui.options.multiplayer.queueApplyTimeout.tooltip": "Wie lange du dich unter der eingestellten Geschwindigkeitsgrenze bewegen musst, damit wartende Bearbeitungen angewendet werden",
  "ui.options.multiplayer.queueAutoSkipRemote": "Warteschlange überspringen als Zuschauer",
  "ui.options.multiplayer.queueAutoSkipRemote.tooltip": "Wenn aktiviert und als Zuschauer, werden Fahrzeuge sofort spawnen",
  "ui.options.multiplayer.queueSkipUnicycle": "Deaktiviere Warteschlange für Spielermodelle",
  "ui.options.multiplayer.queueSkipUnicycle.tooltip": "Wenn aktiviert, werden Spielermodelle sofort spawnen",
  "ui.options.multiplayer.luaOptimisations": "Optimierungen einschalten",
  "ui.options.multiplayer.luaOptimisations.tooltip": "Wenn aktiviert, werden für andere Fahrzeuge nur begrenzt Berechnungen durchgeführt",
  "ui.options.multiplayer.nameTags": "Spielernamen Anzeigen ausblenden",
  "ui.options.multiplayer.nameTagAlternate": "Alternative Farben für Spielernamen Anzeigen ",
  "ui.options.multiplayer.nameTagShowDistance": "Zeige Distanz zum Spieler",
  "ui.options.multiplayer.debugOutput": "Debug-Ausgabe in der Konsole anzeigen",
  "ui.options.multiplayer.launcherPort": "Launcher Port:[br]Nicht ändern außer absolut notwendig",
  "ui.options.multiplayer.launcherPortWarn": "Änderung auf eigene Gefahr",
  "ui.options.multiplayer.launcherPortDefaultPort": "Standart ist 4444",
  "ui.options.multiplayer.launcherPort.tooltip": "Den benutzerdefinierten Port, den der Launcher verwendet",
  "ui.options.multiplayer.clearLauncherCache": "Den Mod-Cache des Launchers löschen",
  "ui.options.multiplayer.clearLauncherCache.tooltip": "Wenn aktiviert, wird der Mod-Cache des Launchers gelöscht. Danach müssen für jeden Server, mit dem du verbindest, erneut die Mods heruntergeladen werden",
  "ui.options.multiplayer.skipOtherPlayersVehicles": "Wechsel zu Fahrzeugen anderer Spieler deaktivieren",
  "ui.options.multiplayer.fadeVehicles": "Fahrzeuge bei Annäherung ausblenden",
  "ui.options.multiplayer.fadeVehicles.tooltip": "Nützlich in Verbindung mit deaktivierten Kollisionen",
  "ui.options.multiplayer.showPlayerIDs": "Zeige die Spieler-IDs",
  "ui.options.multiplayer.showPlayerIDs.tooltip": "Blendet die Spieler-IDs in der Spielerliste ein",
  "ui.options.multiplayer.disableLuaReload": "Lua-Reload deaktivieren beim Beenden",
  "ui.options.multiplayer.disableLuaReload.tooltip": "Lua-Reloads sind erforderlich, um sicherzustellen, dass das Spiel wieder in den originalen Zustand versetzt wird, wenn Mods Spielfunktionen ersetzt haben. Kann auf eigene Gefahr deaktiviert werden",
  "ui.options.multiplayer.disableInstabilityPausing": "Deaktivieren der Pause bei Instabilitäten",
  "ui.options.multiplayer.disableInstabilityPausing.tooltip": "Macht das Spiel flüssiger, kann aber nach mehreren Instabilitäten zu Synchronisationsproblemen führen",
  "ui.options.multiplayer.simplifyRemoteVehicles": "Vereinfachte Fahrzeuge verwenden",
  "ui.options.multiplayer.simplifyRemoteVehicles.tooltip": "Ersetzt die Fahrzeuge anderer Spieler durch die von BeamNG bereitgestellten 'Verkehrs'-Versionen. Verringert die Genauigkeit von Kollision und Darstellung, aber verbessert die Leistung",
  "ui.options.multiplayer.enableBlobs": "Platzhalter für Fahrzeuge in Warteschlange",
  "ui.options.multiplayer.enableBlobs.tooltip": "Fahrzeuge in der Warteschlange werden durch einen Platzhalter dargestellt",
  "ui.options.multiplayer.showSpectators": "Zeige Zuschauer auf Namensschildern",
  "ui.options.multiplayer.showSpectators.tooltip": "Spieler, die andere Fahrzeuge beobachten, werden unter dem Namensschild aufgelistet",
  "ui.options.multiplayer.spectatorUnifiedColors": "Graue Zuschauer-Nutzernamen",
  "ui.options.multiplayer.spectatorUnifiedColors.tooltip": "Zeige alle Zuschauer-Namen grau, unabhängig von der Rolle des Benutzers",
  "ui.options.multiplayer.nametagFade": "Spielernamen Anzeigen ein/ausblenden",
  "ui.options.multiplayer.nametagFadeIn": "Einblenden",
  "ui.options.multiplayer.nametagFadeOut": "Ausblenden",
  "ui.options.multiplayer.nametagFadeDistance": "Ein/Ausblend Distanz",
  "ui.options.multiplayer.nametagFadeDistance.tooltip": "In welcher Distanz Spielernamen Anzeigen  ein-/ oder ausgeblendet werden",
  "ui.options.multiplayer.nametagInvertFade": "Ein/Ausblenden umkehren",
  "ui.options.multiplayer.nametagDontFullyHide": "Spielernamen Anzeigen  nicht voll ausblenden",
  "ui.options.multiplayer.nametagCharLimit": "Spielernamen kürzen auf",
  "ui.options.multiplayer.nametagCharLimit.tooltip": "Maximale Anzahl dargestellter Zeichen eines Spielernamens",
  "ui.options.multiplayer.shortenNametags": "Namen und Rollen abkürzen",
  "ui.options.multiplayer.shortenNametags.tooltip": "Lange Spielernamen und Rollen werden abgekürzt",
  "ui.options.multiplayer.showAdvancedOptions": "Zeige fortgeschrittene Optionen",
  "ui.options.multiplayer.showAdvancedOptions.tooltip": "Zeigt versteckte BeamMP Optionen",
  "ui.options.multiplayer.tuneBlobColors": "Platzhalter-Farben",
  "ui.options.multiplayer.tuneBlobColorsHelp": "HEX Farbwert (zB: #FF6400)",
  "ui.options.multiplayer.tuneBlobColorsVisible": "Sichtbar",
  "ui.options.multiplayer.tuneColorQueued": "In Warteschlange",
  "ui.options.multiplayer.tuneColorIllegal": "Illegales Fahrzeug",
  "ui.options.multiplayer.tuneColorIllegalHelp": "(Fehlender Mod, kann nicht spawnen)",
  "ui.options.multiplayer.tuneColorDeleted": "Gelöscht",
  "ui.options.multiplayer.unicycleTitle": "Standard Spielermodell",
  "ui.options.multiplayer.unicycleDefault": "Wähle dein standard Spielermodell aus",
  "ui.options.multiplayer.unicycleAutoSave": "Speichert automatisch das zuletzt verwendete Spielermodell",
  "ui.options.multiplayer.unicycleAutoSave.tooltip": "Sobald du dein Spielermodell löschst, wird es automatisch gespeichert und dadurch zu deinem standard.",
  "ui.options.multiplayer.unicycleOnSwitch": "Standard gesetzt zu",
  "ui.options.multiplayer.skipModSecurityWarning": "Mod-Sicherheitswarnung ausblenden",
  "ui.options.multiplayer.skipModSecurityWarning.tooltip": "Deaktiviere das Sicherheits-Popup beim Beitritt zu modifizierten Servern",
  "ui.options.multiplayer.blobsTitle": "Platzhalter",
  "ui.options.multiplayer.nameTagTitle": "Spielernamen",
  "ui.options.multiplayer.others": "Andere",
  "ui.options.multiplayer.new": "NEU",
  "ui.options.multiplayer.experimental": "EXPERIMENTELL",
  "ui.options.multiplayer.refreshIngame": "Aktualisierung der Serverliste während dem Spiel",
  "ui.options.multiplayer.refreshIngame.tooltip": "Ob die Serverliste während einer Sitzung aktualisiert werden soll. Das Aktivieren dieser Option kann Lag-Spitzen verursachen",
  "ui.multiplayer.multiplayer": "Mehrspieler",
  "ui.multiplayer.connecting": "Verbinde",
  "ui.multiplayer.connectingToServer": "Verbinde mit Server...",
  "ui.multiplayer.loading": "Laden...",
  "ui.multiplayer.official": "Offizielle Server",
  "ui.multiplayer.servers": "Öffentliche Server",
  "ui.multiplayer.favorites": "Favoriten",
  "ui.multiplayer.favorite": "Als Favorit speichern",
  "ui.multiplayer.favoritedToast.title": "Favorisierter Server",
  "ui.multiplayer.favoritedToast.description": "Dieser Server wurde als Favorit gespeichert",
  "ui.multiplayer.featured": "Ausgewählte Server",
  "ui.multiplayer.partner": "Partnerserver",
  "ui.multiplayer.recent": "Verlauf",
  "ui.multiplayer.direct_connect": "Direkt-Verbindung",
  "ui.multiplayer.refresh": "Aktualisieren",
  "ui.multiplayer.connect": "Verbinden",
  "ui.multiplayer.addCustomServer": "Benutzerdefinierten hinzufügen",
  "ui.multiplayer.location": "Standort",
  "ui.multiplayer.description": "Titel",
  "ui.multiplayer.map": "Karte",
  "ui.multiplayer.forum": "Forum",
  "ui.multiplayer.docs": "Wiki",
  "ui.multiplayer.discord": "Discord",
  "ui.multiplayer.patreon": "Patreon",
  "ui.multiplayer.github": "GitHub",
  "ui.multiplayer.players": "Spieler",
  "ui.multiplayer.emptyOnly": "Nur leer",
  "ui.multiplayer.emptyOnlyTooltip": "Zeigt nur leere Server an",
  "ui.multiplayer.notEmpty": "Nicht leer",
  "ui.multiplayer.notEmptyTooltip": "Zeigt keine leeren Server an",
  "ui.multiplayer.notFull": "Nicht voll",
  "ui.multiplayer.notFullTooltip": "Zeigt keine vollen Server an",
  "ui.multiplayer.mapFilterTooltip": "Nach Karte filtern",
  "ui.multiplayer.serverVersionFilterTooltip": "Serverversionsfilter aktivieren",
  "ui.multiplayer.tagFilterTooltip": "''Tag''-Filter aktivieren",
  "ui.multiplayer.serverLocationFilterTooltip": "Serverstandortfilter aktivieren",
  "ui.multiplayer.modSlider": "Mod Grössen Filter",
  "ui.multiplayer.modSliderTooltip": "Nach Gesamt-Mod-Grösse Filtern",
  "ui.multiplayer.clearRecent": "Verlauf löschen",
  "ui.multiplayer.pasteFromClipboard": "Zwischenablage einfügen",
  "ui.multiplayer.save": "Speichern",
  "ui.multiplayer.logout": "Abmelden",
  "ui.multiplayer.login": "Anmelden",
  "ui.multiplayer.register": "Registrieren",
  "ui.multiplayer.playAsGuest": "Als Gast spielen",
  "ui.multiplayer.loginDescription1": "Mit BeamMP-Konto anmelden",
  "ui.multiplayer.guestDescription1": "Das Spielen als Gast kann einige Server-Einschränkungen mit sich bringen. Um das volle Erlebnis zu genießen, empfehlen wir die Verwendung eines registrierten Kontos.",
  "ui.multiplayer.iHaveAnAccount": "Ich habe ein Konto",
  "ui.multiplayer.play": "Spielen",
  "ui.multiplayerlauncher.lost": "Das Spiel hat keine Verbindung zum Launcher. Bitte starte das Spiel durch den BeamMP-Launcher",
  "ui.multiplayerlauncher.connect": "Verbinden",
  "ui.multiplayertos.title": "Regeln und Nutzungsbedingungen",
  "ui.multiplayertos.tos": "Nutzungsbedingungen",
  "ui.multiplayertos.rules": "Regeln",
  "ui.multiplayertos.tos.description1": "Die Nutzungsbedingungen sind zu finden unter ",
  "ui.multiplayertos.tos.description2": "Um BeamMP nutzen zu können, musst du den Nutzungsbedingungen zustimmen.",
  "ui.multiplayertos.rules.description1": "Die Regeln sind zu finden unter  ",
  "ui.multiplayertos.rules.description2": "Um BeamMP nutzen zu können, musst du den Regeln zustimmen.",
  "ui.multiplayertos.info1": "Für weitere Informationen, besuche unser ",
  "ui.multiplayertos.info2": "Ausserdem findest du weitere Informationen unter ",
  "ui.common.multiplayer.sync": "Sync",
  "ui.apps.categories.multiplayer": "Mehrspieler",
  "ui.camera.mode.passenger": "Passagier",
  "ui.multiplayer.security.no_return": "Abbrechen & Zurück",
  "ui.multiplayer.security.accept_proceed": "Herunterladen & Beitreten",
  "ui.multiplayer.security.title": "Server-Mods Erkannt",
  "ui.multiplayer.security.prompt": "Der Server, dem du beitrittst, hat Mods, die automatisch heruntergeladen und installiert werden. Diese Mods können Code enthalten, der auf deinem PC ausgeführt wird und bösartig sein könnte. Bitte vergewissere dich, dass du dem/den Serverbesitzer(n) vertraust, bevor du fortfährst. Wenn du darauf vertraust, dass die Mods nicht bösartig sind, fahre jetzt auf eigenes Risiko fort. BeamMP ist nicht verantwortlich für Inhalte, die von diesem Server heruntergeladen werden.",
  "ui.multiplayer.configprotection.clone.title": "Fehler beim Klonen",
  "ui.multiplayer.configprotection.clone.message": "Dieses Fahrzeug kann nicht geklont werden",
  "ui.multiplayer.configprotection.save.title": "Fehler beim Speichern",
  "ui.multiplayer.configprotection.save.message": "Dieses Fahrzeug kann nicht gespeichert werden.",
  "ui.multiplayer.patreon.message.user": "Gefällt dir BeamMP? Unterstütze unsere Arbeit auf Patreon!",
  "ui.multiplayer.patreon.button.user": "Erfahre mehr",
  "ui.multiplayer.patreon.message.ea": "Vielen Dank für die Unterstützung von BeamMP!",
  "ui.multiplayer.patreon.button.ea": "Vorteile",
  "ui.multiplayer.patreon.popup.user": "Unterstütze BeamMP auf Patreon",
  "ui.multiplayer.patreon.popup.ea": "Vielen Dank für die Unterstützung von BeamMP!",
  "ui.multiplayer.filterOptions": "Filter Optionen",
  "ui.multiplayer.clearFilters": "Filter löschen",
  "ui.multiplayer.openFilters": "Filter Öffnen",
  "ui.multiplayer.activeFilters": "Aktive Filter: ",
  "ui.multiplayer.filters.empty": "Leer",
  "ui.multiplayer.filters.notEmpty": "Nicht Leer",
  "ui.multiplayer.filters.notFull": "Nicht Voll",
  "ui.multiplayer.filters.modSize": "Mod Grösse",
  "ui.multiplayer.filters.map": "Karte",
  "ui.multiplayer.filters.serverVersions": "Server-Versionen: ",
  "ui.multiplayer.filters.tags": "Tags: ",
  "ui.multiplayer.filters.serverLocations": "Standorte: ",
  "ui.apps.multiplayer.playerlist.copyname": "Namen kopieren",
  "ui.apps.multiplayer.playerlist.deleteAllVehicles": "Fahrzeuge entfernen",
  "ui.apps.multiplayer.playerlist.queueEvents": "Events laden",
  "ui.apps.multiplayer.playerlist.switchCameraTo": "Kamera umschalten",
  "ui.apps.multiplayer.playerlist.openProfile": "Profil öffnen",
  "ui.apps.multiplayer.playerlist.restoreVehicles": "Fahrzeuge wiederherstellen",
  "ui.apps.multiplayer.playerlist.players": "Spieler",
  "ui.apps.multiplayer.playerlist.error": "Keine Spieler, bitte Verbindung prüfen"
}
