{
  "ui.playmodes.multiplayer": "Multijugador",
  "ui.options.multiplayer": "Multijugador",
  "ui.options.multiplayer.enableNewChatMenu": "Nuevo Menú de Chat",
  "ui.options.multiplayer.enableNewChatMenu.tooltip": "El nuevo menú de chat usa ImGui. Es personalizable, elegante e increíble!",
  "ui.options.multiplayer.enablePosSmoother": "Suavizar posición de los vehículos",
  "ui.options.multiplayer.enablePosSmoother.tooltip": "Intenta suavizar los datos de posición de los jugadores con conexiones inestables, reduciendo el 'warping/rubber banding'",
  "ui.options.multiplayer.autoSyncVehicles": "Sincronizar piezas automáticamente",
  "ui.options.multiplayer.autoSyncVehicles.tooltip": "Si se activa, las piezas de tu vehículo serán sincronizadas automáticamente con los demás jugadores tras unos segundos",
  "ui.options.multiplayer.queueSpawnEdit": "Activar colas de modificaciones/actualizaciones de vehículos",
  "ui.options.multiplayer.queueSpawnEdit.tooltip": "Si se activa, las modificaciones y 'spawneos' de vehículos de otros vehículos se pondrán a la cola en lugar de aplicarse instantáneamente",
  "ui.options.multiplayer.queueAuto": "Aplicar modificaciones a vehículos de la cola automáticamente",
  "ui.options.multiplayer.queueAuto.tooltip": "Si se activa, sólo se 'spawnearan' los vehículos de la cola una vez te detengas, basado en los ajustes inferiores",
  "ui.options.multiplayer.queueApplySpeed": "Umbral de velocidad para la aplicación de colas",
  "ui.options.multiplayer.queueApplySpeed.tooltip": "Las colas sólo se aplicarán si tu vehículo se mueve por debajo de esta velocidad",
  "ui.options.multiplayer.queueApplyTimeout": "Tiempo de espera para aplicación de la cola",
  "ui.options.multiplayer.queueApplyTimeout.tooltip": "Las colas se aplican si tu vehículo se mueve por debajo de la velocidad establecida por este tiempo",
  "ui.options.multiplayer.queueAutoSkipRemote": "Saltarse la cola si se está especteando",
  "ui.options.multiplayer.queueAutoSkipRemote.tooltip": "Si está activado, y se está especteando a otros jugadores, los vehículos de la cola serán 'spawneados' al momento",
  "ui.options.multiplayer.queueSkipUnicycle": "No poner a la cola modelos de jugador (muñecos de nieve)",
  "ui.options.multiplayer.queueSkipUnicycle.tooltip": "Si se activa, los modelos de jugador 'spawnearán' al momento",
  "ui.options.multiplayer.luaOptimisations": "Activar optimizaciones de vehículos",
  "ui.options.multiplayer.luaOptimisations.tooltip": "Si se activa, los demás vehículos ejecutarán cálculos de Lua limitados, mejorando el rendimiento",
  "ui.options.multiplayer.nameTags": "Ocultar nombres de los jugadores",
  "ui.options.multiplayer.nameTagAlternate": "Usar colores alternativos para los nombres",
  "ui.options.multiplayer.nameTagShowDistance": "Mostrar distancia respecto a otros jugadores",
  "ui.options.multiplayer.debugOutput": "Mostrar actividad de red en la consola",
  "ui.options.multiplayer.launcherPort": "Puerto del Launcher:[br]No lo cambies a menos que sea necesario",
  "ui.options.multiplayer.launcherPortWarn": "No cambies esto a menos que sea necesario",
  "ui.options.multiplayer.launcherPortDefaultPort": "El predeterminado es 4444",
  "ui.options.multiplayer.launcherPort.tooltip": "Cambia esto al puerto que quieras que el 'launcher' use.",
  "ui.options.multiplayer.clearLauncherCache": "Limpiar la caché de mods del 'launcher'",
  "ui.options.multiplayer.clearLauncherCache.tooltip": "Activar esto limpiará la caché de mods del 'launcher'. Hará que tengas que re-descargar los mods de los servidores a los que te vuelvas a unir.",
  "ui.options.multiplayer.skipOtherPlayersVehicles": "Desactivar el cambio a vehículos de otros jugadores",
  "ui.options.multiplayer.fadeVehicles": "Desvanecer vehículos al acercarse",
  "ui.options.multiplayer.fadeVehicles.tooltip": "Bueno cuando es combinado con colisiones desactivadas",
  "ui.options.multiplayer.disableLuaReload": "Desactivar la recarga de Luas al salir de un servidor multijugador.",
  "ui.options.multiplayer.disableLuaReload.tooltip": "Recargar los Lua es necesario para asegurar que el juego vuelve a un estado funcional si los mods han reemplazado funciones del juego. Puede desactivarse para disfrutar de una experiencia más fluida bajo tu propia responsabilidad.",
  "ui.options.multiplayer.disableInstabilityPausing": "Desactivar las pausas causadas por inestabilidades",
  "ui.options.multiplayer.disableInstabilityPausing.tooltip": "Esto hará que el juego sea más fluido, pero puede causar problemas de sincronización tras muchas inestabilidades.",
  "ui.options.multiplayer.simplifyRemoteVehicles": "Utilizar vehículos simplificados cuando sea posible",
  "ui.options.multiplayer.simplifyRemoteVehicles.tooltip": "Este ajuste sustituirá los vehículos de otros por las versiones de 'tráfico' de BeamNG. Reduce la precisión de las colisiones y los efectos visuales, pero mejora el rendimiento.",
  "ui.options.multiplayer.enableBlobs": "Activar 'blobs' para vehículos en cola",
  "ui.options.multiplayer.enableBlobs.tooltip": "Los vehículos no spawneados aparecerán como esferas coloreadas (blobs)",
  "ui.options.multiplayer.showSpectators": "Mostrar los nombres de los espectadores bajo los 'nametags' de los vehículos",
  "ui.options.multiplayer.showSpectators.tooltip": "El nombre de los espectadores aparecerá bajo el nombre del jugador especteado",
  "ui.options.multiplayer.spectatorUnifiedColors": "Usar el mismo color para los 'nametags' de los espectadores",
  "ui.options.multiplayer.spectatorUnifiedColors.tooltip": "Dibujar todos los 'nametags' de los espectadores grises, independientemente de sus roles",
  "ui.options.multiplayer.nametagFade": "Aparecer/Desvanecer nombres",
  "ui.options.multiplayer.nametagFadeIn": "Aparecer",
  "ui.options.multiplayer.nametagFadeOut": "Desvanecer",
  "ui.options.multiplayer.nametagFadeDistance": "Distancia de desvanecimiento",
  "ui.options.multiplayer.nametagFadeDistance.tooltip": "A qué distancia los nombres empezarán a aparecer/desaparecer",
  "ui.options.multiplayer.nametagInvertFade": "Invertir la dirección de aparición/desaparición de los nombres",
  "ui.options.multiplayer.nametagDontFullyHide": "No desaparecer nombres por completo",
  "ui.options.multiplayer.nametagCharLimit": "Límite de longitud de los 'nametags'",
  "ui.options.multiplayer.nametagCharLimit.tooltip": "Cantidad máxima de caracteres que quieres ver en un 'nametag'",
  "ui.options.multiplayer.shortenNametags": "Acortar 'nametags' y 'role tags'",
  "ui.options.multiplayer.shortenNametags.tooltip": "Acorta las etiquetas de los nombres y roles",
  "ui.options.multiplayer.showAdvancedOptions": "Mostrar opciones avanzadas",
  "ui.options.multiplayer.showAdvancedOptions.tooltip": "Muestra todos los ajustes de BeamMP",
  "ui.options.multiplayer.tuneBlobColors": "Modificar colores",
  "ui.options.multiplayer.tuneBlobColorsHelp": "Valor del color en HEX (ej: #FF6400)",
  "ui.options.multiplayer.tuneBlobColorsVisible": "Visible",
  "ui.options.multiplayer.tuneColorQueued": "Vehículo en cola",
  "ui.options.multiplayer.tuneColorIllegal": "Vehículo 'ilegal'",
  "ui.options.multiplayer.tuneColorIllegalHelp": "(mod faltante, no puede ser 'spawneado')",
  "ui.options.multiplayer.tuneColorDeleted": "Vehículo borrado",
  "ui.options.multiplayer.unicycleTitle": "Establecer monociclo predeterminado",
  "ui.options.multiplayer.unicycleDefault": "Configuración de Monociclo Predeterminada",
  "ui.options.multiplayer.unicycleAutoSave": "Guardar último Monociclo automáticamente",
  "ui.options.multiplayer.unicycleAutoSave.tooltip": "Cuando 'despawnees' tu Monociclo, este será guardado y reutilizado la próxima vez que lo 'spawnees'",
  "ui.options.multiplayer.unicycleOnSwitch": "Predeterminado establecido a",
  "ui.options.multiplayer.blobsTitle": "Blobs",
  "ui.options.multiplayer.nameTagTitle": "Nombres",
  "ui.options.multiplayer.others": "Otros",
  "ui.options.multiplayer.new": "NUEVO",
  "ui.options.multiplayer.experimental": "EXPERIMENTAL",
  "ui.multiplayer.multiplayer": "Multijugador",
  "ui.multiplayer.connecting": "Conectándose",
  "ui.multiplayer.connectingToServer": "Conectándose al servidor...",
  "ui.multiplayer.loading": "Cargando...",
  "ui.multiplayer.official": "Servidores Oficiales",
  "ui.multiplayer.servers": "Servidores Públicos",
  "ui.multiplayer.favorites": "Favoritos",
  "ui.multiplayer.featured": "Servidores Patrocinados",
  "ui.multiplayer.partner": "Servidores de Asociados",
  "ui.multiplayer.recent": "Recientes",
  "ui.multiplayer.direct_connect": "Conexión Directa",
  "ui.multiplayer.refresh": "Recargar",
  "ui.multiplayer.connect": "Conectarse",
  "ui.multiplayer.addCustomServer": "Añadir Servidor Personalizado",
  "ui.multiplayer.location": "Ubicación",
  "ui.multiplayer.description": "Título",
  "ui.multiplayer.map": "Mapa",
  "ui.multiplayer.forum": "Foro",
  "ui.multiplayer.docs": "Wiki",
  "ui.multiplayer.discord": "Discord",
  "ui.multiplayer.patreon": "Patreon",
  "ui.multiplayer.players": "Jugadores",
  "ui.multiplayer.emptyOnly": "Sólo vacíos",
  "ui.multiplayer.emptyOnlyTooltip": "Mostrar sólo servidores vacíos",
  "ui.multiplayer.notEmpty": "No vacíos",
  "ui.multiplayer.notEmptyTooltip": "Sólo mostrar servidores no vacíos",
  "ui.multiplayer.notFull": "No llenos",
  "ui.multiplayer.notFullTooltip": "Sólo mostrar servidores no llenos",
  "ui.multiplayer.mapFilterTooltip": "Filtrar servidores por mapa",
  "ui.multiplayer.modSlider": "Límite de tamaño de mods",
  "ui.multiplayer.modSliderTooltip": "Activar límite de tamaño de mods",
  "ui.multiplayer.clearRecent": "Borrar Recientes",
  "ui.multiplayer.pasteFromClipboard": "Pegar del Portapapeles",
  "ui.multiplayer.save": "Guardar",
  "ui.multiplayer.logout": "Cerrar Sesión",
  "ui.multiplayer.login": "Iniciar Sesión",
  "ui.multiplayer.register": "Registrarse",
  "ui.multiplayer.playAsGuest": "Jugar como Invitado",
  "ui.multiplayer.loginDescription1": "Inicia sesión con tu cuenta de BeamMP",
  "ui.multiplayer.guestDescription1": "Jugar como invitado puede tener restricciones en algunos servidores, para la experiencia completa, se recomienda usar una cuenta registrada.",
  "ui.multiplayer.iHaveAnAccount": "Ya tengo una cuenta",
  "ui.multiplayer.play": "Jugar",
  "ui.multiplayerlauncher.lost": "El juego no está conectado con el 'launcher'! Por favor, inicia el juego a través del 'Launcher' de BeamMP.",
  "ui.multiplayerlauncher.connect": "Conectarse",
  "ui.multiplayertos.title": "Normas y Términos de Servicio",
  "ui.multiplayertos.tos": "Términos de Servicio",
  "ui.multiplayertos.rules": "Normas",
  "ui.multiplayertos.tos.description1": "Los Términos de Servicio completos se encuentran en ",
  "ui.multiplayertos.tos.description2": "Para jugar BeamMP, debes leer y aceptar los Términos de Servicio.",
  "ui.multiplayertos.rules.description1": "Las Normas completas se encuentran en ",
  "ui.multiplayertos.rules.description2": "Para jugar BeamMP, debes aceptar las normas del juego.",
  "ui.multiplayertos.info1": "Para más información, asegúrate de comprobar nuestro  ",
  "ui.multiplayertos.info2": "También puedes encontrar más información en nuestro ",
  "ui.common.multiplayer.sync": "Sincronizar",
  "ui.apps.categories.multiplayer": "Multijugador",
  "ui.camera.mode.passenger": "Pasajero"
}
