{
  "ui.playmodes.multiplayer": "Multijogador",
  "ui.options.multiplayer": "Multijogador",
  "ui.options.multiplayer.enableNewChatMenu": "Novo menu de chat",
  "ui.options.multiplayer.enableNewChatMenu.tooltip": "O novo menu de chat utiliza ImGui. É personalizável, elegante e espetacular!",
  "ui.options.multiplayer.enablePosSmoother": "Ativar a suavização da posição do veículo",
  "ui.options.multiplayer.enablePosSmoother.tooltip": "Tenta suavizar os dados de posição de jogadores com ligações instáveis, reduzindo a teleportação do veículo",
  "ui.options.multiplayer.autoSyncVehicles": "Ativar a sincronização automática de peças",
  "ui.options.multiplayer.autoSyncVehicles.tooltip": "Se ativado, as peças do seu veículo serão automaticamente sincronizadas com outros jogadores após alguns segundos",
  "ui.options.multiplayer.queueSpawnEdit": "Ativar a fila de atualização/edição de veículos de jogadores",
  "ui.options.multiplayer.queueSpawnEdit.tooltip": "Se ativado, a criação de veículos remotos e as edições serão colocadas em fila de espera, em vez de serem aplicadas instantaneamente",
  "ui.options.multiplayer.queueAuto": "Aplicar automaticamente alterações de veículos em fila",
  "ui.options.multiplayer.queueAuto.tooltip": "Se estiver ativado, os veículos em fila de espera só aparecerão quando parar com base nas definições abaixo",
  "ui.options.multiplayer.queueApplySpeed": "Limite de velocidade de aplicação da fila",
  "ui.options.multiplayer.queueApplySpeed.tooltip": "As filas de espera aplicam-se se o seu veículo se deslocar a uma velocidade inferior a esta",
  "ui.options.multiplayer.queueApplyTimeout": "Tempo limite de aplicação da fila",
  "ui.options.multiplayer.queueApplyTimeout.tooltip": "As filas de espera aplicam-se se o seu veículo se deslocar abaixo do limite de velocidade definido durante este tempo",
  "ui.options.multiplayer.queueAutoSkipRemote": "Saltar a fila de espera se estiver a assistir a outros",
  "ui.options.multiplayer.queueAutoSkipRemote.tooltip": "Se estiver ativado e a assistir outros jogadores, os veículos em fila de espera aparecerão imediatamente",
  "ui.options.multiplayer.queueSkipUnicycle": "Não coloque monociclos em fila (Bonecos de neve/Beamlings)",
  "ui.options.multiplayer.queueSkipUnicycle.tooltip": "Se estiver ativado, irá gerar outros monociclos (Bonecos de Neve/Beamlings) imediatamente",
  "ui.options.multiplayer.luaOptimisations": "Ativar optimizações de veículos",
  "ui.options.multiplayer.luaOptimisations.tooltip": "Se ativado, outros veículos executarão cálculos Lua limitados, melhorando o desempenho",
  "ui.options.multiplayer.nameTags": "Ocultar as etiquetas com os nomes dos jogadores",
  "ui.options.multiplayer.nameTagAlternate": "Utilizar cores alternativas para as etiquetas de identificação",
  "ui.options.multiplayer.nameTagShowDistance": "Mostrar a distância dos outros jogadores",
  "ui.options.multiplayer.debugOutput": "Mostrar atividade de rede no console",
  "ui.options.multiplayer.launcherPort": "Porta do iniciador:[br]Não altere a menos que seja necessário",
  "ui.options.multiplayer.launcherPortWarn": "Não mude a menos que seja necessário",
  "ui.options.multiplayer.launcherPortDefaultPort": "O padrão é 4444",
  "ui.options.multiplayer.launcherPort.tooltip": "Defina isso como a porta personalizada que o inicializador foi configurado para usar.",
  "ui.options.multiplayer.clearLauncherCache": "Limpe o cache do mod do iniciador",
  "ui.options.multiplayer.clearLauncherCache.tooltip": "Habilitar isso limpará o cache de mods baixados atualmente do launcher. Fazer isso resultará em você ter que baixar todos os mods para cada servidor que você entrar novamente.",
  "ui.options.multiplayer.skipOtherPlayersVehicles": "Desabilitar a troca para veículos de outros jogadores",
  "ui.options.multiplayer.fadeVehicles": "Desvanecer veículos conforme eles se aproximam",
  "ui.options.multiplayer.fadeVehicles.tooltip": "Bom quando combinado com colisões desabilitadas",
  "ui.options.multiplayer.showPlayerIDs": "Mostrar os IDs dos jogadores",
  "ui.options.multiplayer.showPlayerIDs.tooltip": "Habilite para mostrar os IDs dos jogadores na lista de jogadores.",
  "ui.options.multiplayer.disableLuaReload": "Desabilite o recarregamento Lua ao sair de um servidor multijogador.",
  "ui.options.multiplayer.disableLuaReload.tooltip": "Recargas Lua são necessárias para garantir que o jogo seja colocado de volta em um estado funcional se mods substituíram funções do jogo. Pode ser desabilitado para uma experiência mais suave por sua conta e risco.",
  "ui.options.multiplayer.disableInstabilityPausing": "Desabilitar pausas causadas por instabilidades",
  "ui.options.multiplayer.disableInstabilityPausing.tooltip": "Isso tornará a jogabilidade mais suave, mas pode causar problemas de sincronização após várias instabilidades",
  "ui.options.multiplayer.simplifyRemoteVehicles": "Use veículos simplificados quando disponíveis",
  "ui.options.multiplayer.simplifyRemoteVehicles.tooltip": "Esta configuração substituirá veículos remotos pelas versões de 'tráfego' fornecidas pelo BeamNG. Reduz a precisão de colisões e visuais, mas melhora o desempenho",
  "ui.options.multiplayer.enableBlobs": "Habilitar blobs para veículos não gerados",
  "ui.options.multiplayer.enableBlobs.tooltip": "Veículos não gerados aparecerão como esferas coloridas (bolhas)",
  "ui.options.multiplayer.showSpectators": "Mostrar o crachá dos espectadores sob as etiquetas dos veículos",
  "ui.options.multiplayer.showSpectators.tooltip": "Os jogadores que assistirem aos veículos dos outros serão listados sob seus crachás",
  "ui.options.multiplayer.spectatorUnifiedColors": "Mesma cor para crachás de espectadores",
  "ui.options.multiplayer.spectatorUnifiedColors.tooltip": "Desenhar todos os crachás de espectadores em cinza, independentemente da função do usuário",
  "ui.options.multiplayer.nametagFade": "Desvanecer/intensificar etiquetas de identificação",
  "ui.options.multiplayer.nametagFadeIn": "Aparecimento gradual",
  "ui.options.multiplayer.nametagFadeOut": "Desaparecer",
  "ui.options.multiplayer.nametagFadeDistance": "Distância de desvanecimento",
  "ui.options.multiplayer.nametagFadeDistance.tooltip": "Até que ponto os crachás começarão a aparecer/pararão de desaparecer?",
  "ui.options.multiplayer.nametagInvertFade": "Inverter direção de desbotamento do crachá",
  "ui.options.multiplayer.nametagDontFullyHide": "Não esconda completamente os crachás",
  "ui.options.multiplayer.nametagCharLimit": "Limite de comprimento do crachá",
  "ui.options.multiplayer.nametagCharLimit.tooltip": "Número máximo de caracteres que você deseja ver em um crachá",
  "ui.options.multiplayer.shortenNametags": "Encurtar crachás e etiquetas de função",
  "ui.options.multiplayer.shortenNametags.tooltip": "Corte nomes e funções de jogadores longos",
  "ui.options.multiplayer.showAdvancedOptions": "Mostrar opções avançadas",
  "ui.options.multiplayer.showAdvancedOptions.tooltip": "Exibir todas as configurações do BeamMP",
  "ui.options.multiplayer.tuneBlobColors": "Afinar cores",
  "ui.options.multiplayer.tuneBlobColorsHelp": "Valor de cor HEX (ex: #FF6400)",
  "ui.options.multiplayer.tuneBlobColorsVisible": "Visível",
  "ui.options.multiplayer.tuneColorQueued": "Veículo em fila",
  "ui.options.multiplayer.tuneColorIllegal": "Veículo ilegal",
  "ui.options.multiplayer.tuneColorIllegalHelp": "(mod ausente, não pode ser gerado)",
  "ui.options.multiplayer.tuneColorDeleted": "Veículo deletado",
  "ui.options.multiplayer.unicycleTitle": "Definir monociclo padrão",
  "ui.options.multiplayer.unicycleDefault": "Configuração padrão do Unicycle",
  "ui.options.multiplayer.unicycleAutoSave": "Salve automaticamente seu último monociclo usado",
  "ui.options.multiplayer.unicycleAutoSave.tooltip": "Quando você desova seu Unicycle, ele é salvo e reutilizado na próxima vez que você o desova",
  "ui.options.multiplayer.unicycleOnSwitch": "Padrão definido para",
  "ui.options.multiplayer.skipModSecurityWarning": "Ignore o pop-up de aviso de segurança do mod",
  "ui.options.multiplayer.skipModSecurityWarning.tooltip": "Desabilite o pop-up de segurança ao ingressar em servidores modificados.",
  "ui.options.multiplayer.blobsTitle": "Bolhas",
  "ui.options.multiplayer.nameTagTitle": "Crachás",
  "ui.options.multiplayer.others": "Outros",
  "ui.options.multiplayer.new": "NOVO",
  "ui.options.multiplayer.experimental": "EXPERIMENTAL",
  "ui.multiplayer.multiplayer": "Multijogador",
  "ui.multiplayer.connecting": "Conectando",
  "ui.multiplayer.connectingToServer": "Conectando ao servidor...",
  "ui.multiplayer.loading": "Carregando...",
  "ui.multiplayer.official": "Servidores Oficiais",
  "ui.multiplayer.servers": "Servidores Públicos",
  "ui.multiplayer.favorites": "Favoritos",
  "ui.multiplayer.featured": "Servidores em destaque",
  "ui.multiplayer.partner": "Servidores Parceiros",
  "ui.multiplayer.recent": "Recente",
  "ui.multiplayer.direct_connect": "Conexão direta",
  "ui.multiplayer.refresh": "Atualizar",
  "ui.multiplayer.connect": "Conectar",
  "ui.multiplayer.addCustomServer": "Adicionar servidor personalizado",
  "ui.multiplayer.location": "Localização",
  "ui.multiplayer.description": "Título",
  "ui.multiplayer.map": "Mapa",
  "ui.multiplayer.forum": "Fórum",
  "ui.multiplayer.wiki": "Wiki",
  "ui.multiplayer.discord": "Discórdia",
  "ui.multiplayer.patreon": "Patreon",
  "ui.multiplayer.players": "Jogadoras",
  "ui.multiplayer.emptyOnly": "Somente vazio",
  "ui.multiplayer.emptyOnlyTooltip": "Mostrar apenas servidores vazios",
  "ui.multiplayer.notEmpty": "Não está vazio",
  "ui.multiplayer.notEmptyTooltip": "Mostrar apenas servidores não vazios",
  "ui.multiplayer.notFull": "Não cheio",
  "ui.multiplayer.notFullTooltip": "Mostrar apenas servidores não completos",
  "ui.multiplayer.mapFilterTooltip": "Habilitar filtro de mapa",
  "ui.multiplayer.modSlider": "Limitador de tamanho de mod",
  "ui.multiplayer.modSliderTooltip": "Habilitar limitador de tamanho de mod",
  "ui.multiplayer.clearRecent": "Limpar Recentes",
  "ui.multiplayer.pasteFromClipboard": "Colar da área de transferência",
  "ui.multiplayer.save": "Salvar",
  "ui.multiplayer.logout": "Sair",
  "ui.multiplayer.login": "Conecte-se",
  "ui.multiplayer.register": "Registro",
  "ui.multiplayer.playAsGuest": "Jogar como convidado",
  "ui.multiplayer.loginDescription1": "Faça login com sua conta BeamMP.",
  "ui.multiplayer.guestDescription1": "Jogar como convidado pode ter algumas restrições de servidor. Para uma experiência completa, recomendamos usar uma conta registrada.",
  "ui.multiplayer.iHaveAnAccount": "eu tenho uma conta",
  "ui.multiplayer.play": "Jogar",
  "ui.multiplayerlauncher.lost": "O jogo não está conectado ao launcher! Por favor, inicie o jogo usando o BeamMP Launcher.",
  "ui.multiplayerlauncher.connect": "Conectar",
  "ui.multiplayertos.title": "Regras e termos de serviço",
  "ui.multiplayertos.tos": "Termos de serviço",
  "ui.multiplayertos.rules": "Regras",
  "ui.multiplayertos.tos.description1": "Os termos completos de serviço podem ser encontrados",
  "ui.multiplayertos.tos.description2": "Para jogar BeamMP você terá que ler e aceitar os termos de serviço.",
  "ui.multiplayertos.rules.description1": "Nossas regras podem ser encontradas",
  "ui.multiplayertos.rules.description2": "Para jogar BeamMP você terá que aceitar todas as regras do jogo.",
  "ui.multiplayertos.info1": "Para mais informações, não deixe de conferir nosso",
  "ui.multiplayertos.info2": "Você também pode encontrar mais informações em nosso",
  "ui.common.multiplayer.sync": "Sincronizar",
  "ui.apps.categories.multiplayer": "Multijogador",
  "ui.camera.mode.passenger": "Passageiro",
  "ui.multiplayer.security.no_return": "Cancelar e Retornar",
  "ui.multiplayer.security.accept_proceed": "Baixe e junte-se",
  "ui.multiplayer.security.title": "Mods de servidor detectados",
  "ui.multiplayer.security.prompt": "O servidor em que você está entrando tem mods, que são baixados e instalados automaticamente. Esses mods podem conter códigos que serão executados no seu PC e podem ser maliciosos. Certifique-se de confiar no(s) proprietário(s) do servidor antes de continuar. Se você confia que os mods não são maliciosos, você pode continuar por sua conta e risco. O BeamMP não é responsável por nenhum conteúdo baixado deste servidor. Este aviso pode ser desabilitado nas configurações."
}
