{
  "ui.playmodes.multiplayer": "Мультиплеер",
  "ui.options.multiplayer": "Мультиплеер",
  "ui.options.multiplayer.protectConfigFromClone": "Включить защиту от клонирования конфигурации",
  "ui.options.multiplayer.protectConfigFromClone.tooltip": "Защитите эту конфигурацию от клонирования другими игроками.",
  "ui.options.multiplayer.enableNewChatMenu": "Новое меню чата",
  "ui.options.multiplayer.enableNewChatMenu.tooltip": "В новом меню чата используется ImGui. Его можно настроить как душе угодно! ",
  "ui.options.multiplayer.enablePosSmoother": "Включить сглаживание положения автомобиля",
  "ui.options.multiplayer.enablePosSmoother.tooltip": "Пытается сгладить данные о местоположении игроков с нестабильным соединением, уменьшая деформацию транспортного средства/резиновой ленты.",
  "ui.options.multiplayer.autoSyncVehicles": "Включить автоматическую синхронизацию деталей",
  "ui.options.multiplayer.autoSyncVehicles.tooltip": "Если эта функция включена, то через несколько секунд детали вашего автомобиля будут автоматически синхронизированы с другими игроками.",
  "ui.options.multiplayer.queueSpawnEdit": "Включить очередь обновлений/редактирования ",
  "ui.options.multiplayer.queueSpawnEdit.tooltip": "Изменения автомобилей других игроков будут помещены в очередь вместо немедленного обновления",
  "ui.options.multiplayer.queueAuto": "Автоматизировать очередь",
  "ui.options.multiplayer.queueAuto.tooltip": "Изменения из очереди будут применены только после того как вы остановитесь",
  "ui.options.multiplayer.highlightQueuedPlayers": "Выделить игроков в очереди",
  "ui.options.multiplayer.highlightQueuedPlayers.tooltip": "Выделить игроков, которые поставили события в очередь в списке игроков",
  "ui.options.multiplayer.queueApplySpeed": "Порог скорости для срабатывания очереди",
  "ui.options.multiplayer.queueApplySpeed.tooltip": "Изменения очереди начнут применятся, если ваш автомобиль движется медленнее этой скорости.",
  "ui.options.multiplayer.queueApplyTimeout": "Таймаут срабатывания очереди",
  "ui.options.multiplayer.queueApplyTimeout.tooltip": "Изменения очереди начнут применятся, если ваш автомобиль в течение установленного времени будет двигаться медленнее скоростного порога.",
  "ui.options.multiplayer.queueAutoSkipRemote": "Не использовать очередь в режиме наблюдения",
  "ui.options.multiplayer.queueAutoSkipRemote.tooltip": "Если вы наблюдаете за другим игроком, изменения будут применяться немедленно",
  "ui.options.multiplayer.queueSkipUnicycle": "Не использовать очередь с юнисайклами (снеговиками, бимлингсами) ",
  "ui.options.multiplayer.queueSkipUnicycle.tooltip": "Если эта функция включена, то сразу же начнут спавниться юнисайклы (снеговики, бимлингсы) ",
  "ui.options.multiplayer.luaOptimisations": "Включить оптимизацию автомобиля",
  "ui.options.multiplayer.luaOptimisations.tooltip": "Если этот параметр включен, другие транспортные средства будут выполнять ограниченные вычисления Lua, что повышает производительность.",
  "ui.options.multiplayer.nameTags": "Скрыть ники игроков",
  "ui.options.multiplayer.nameTagAlternate": "Альтернативный цвет ников",
  "ui.options.multiplayer.nameTagShowDistance": "Показывать дистанцию до других игроков",
  "ui.options.multiplayer.debugOutput": "Показывать сетевую активность в консоли",
  "ui.options.multiplayer.launcherPort": "Порт лаунчера",
  "ui.options.multiplayer.launcherPortWarn": "НЕ МЕНЯЙТЕ, ЕСЛИ НЕ ЗНАЕТЕ ЗАЧЕМ ЭТО!!!",
  "ui.options.multiplayer.launcherPortDefaultPort": "Порт лаунчера по умолчанию 4444",
  "ui.options.multiplayer.launcherPort.tooltip": "Установите этот параметр на пользовательский порт, который был настроен в лаунчере",
  "ui.options.multiplayer.clearLauncherCache": "Очистить кеш лаунчера",
  "ui.options.multiplayer.clearLauncherCache.tooltip": "Это действие удалит кеш всех загруженных модификаций.При следующем подключении  вам придется скачивать все заново!",
  "ui.options.multiplayer.skipOtherPlayersVehicles": "Выключить переключение на машины других игроков",
  "ui.options.multiplayer.fadeVehicles": "Сделать машины прозрачными при приближении",
  "ui.options.multiplayer.fadeVehicles.tooltip": "Удобно если выключены столкновения",
  "ui.options.multiplayer.showPlayerIDs": "Показывать ID игроков.",
  "ui.options.multiplayer.showPlayerIDs.tooltip": "Включите, чтобы отображать ID игроков в списке игроков.",
  "ui.options.multiplayer.disableLuaReload": "Выключить перезагрузку Lua после выхода с сервера",
  "ui.options.multiplayer.disableLuaReload.tooltip": "Перезагрузка Lua необходима для возвращения скриптов в исходное состояние после выхода с сервера (используйте на свой страх и риск)",
  "ui.options.multiplayer.disableInstabilityPausing": "Убрать включение паузы при нестабильной работе",
  "ui.options.multiplayer.disableInstabilityPausing.tooltip": "Это сделает игру плавнее, но может вызвать ошибки синхронизации спустя некоторое время",
  "ui.options.multiplayer.simplifyRemoteVehicles": "Использовать упрощенные модели (когда доступно)",
  "ui.options.multiplayer.simplifyRemoteVehicles.tooltip": "Заменить другие машины на упрощенные версии (используемые для драфика BeamNG). Уменьшит детализацию столкновений, но увеличит производительность.",
  "ui.options.multiplayer.enableBlobs": "Использовать шар вместо незаспавнившегося автомобиля",
  "ui.options.multiplayer.enableBlobs.tooltip": "Не появившиеся транспортные средства будут выглядеть как цветные сферы.",
  "ui.options.multiplayer.showSpectators": "Показать наблюдателей под ником автомобиля.",
  "ui.options.multiplayer.showSpectators.tooltip": "Игроки наблюдающие за другими машинами будут отображены рядом с никнеймом владельца",
  "ui.options.multiplayer.spectatorUnifiedColors": "Показывать никнеймы наблюдателей серым цветом независимо от их роли",
  "ui.options.multiplayer.spectatorUnifiedColors.tooltip": "Показывает все никнеймы наблюдателей серым цветом независимо от их роли",
  "ui.options.multiplayer.nametagFade": "Включить / выключть исчезновение ников",
  "ui.options.multiplayer.nametagFadeIn": "Включить",
  "ui.options.multiplayer.nametagFadeOut": "Выключить",
  "ui.options.multiplayer.nametagFadeDistance": "Дистанция исчезновения",
  "ui.options.multiplayer.nametagFadeDistance.tooltip": "Расстояние на котором ник должен исчезнуть",
  "ui.options.multiplayer.nametagInvertFade": "Инвертировать направление исчезновения",
  "ui.options.multiplayer.nametagDontFullyHide": "Не скрывать ники полностью",
  "ui.options.multiplayer.nametagCharLimit": "Ограничение длины никнейма",
  "ui.options.multiplayer.nametagCharLimit.tooltip": "Максимальное количество символов, которое вы хотите видеть в никнейме",
  "ui.options.multiplayer.shortenNametags": "Обрезать длинные никнеймы и роли",
  "ui.options.multiplayer.shortenNametags.tooltip": "Длинные ники и роли будут автоматически укорочены",
  "ui.options.multiplayer.showAdvancedOptions": "Продвинутые настройки",
  "ui.options.multiplayer.showAdvancedOptions.tooltip": "Показать все настройки BeamMP",
  "ui.options.multiplayer.tuneBlobColors": "Изменить цвет",
  "ui.options.multiplayer.tuneBlobColorsHelp": "Значение в HEX (Пример: #FF6400)",
  "ui.options.multiplayer.tuneBlobColorsVisible": "Видимый",
  "ui.options.multiplayer.tuneColorQueued": "Машина в очереди",
  "ui.options.multiplayer.tuneColorIllegal": "Нелегальный автомобиль ",
  "ui.options.multiplayer.tuneColorIllegalHelp": "(Мод отсутствует, спавн невозможен)",
  "ui.options.multiplayer.tuneColorDeleted": "Удаленная машина",
  "ui.options.multiplayer.unicycleTitle": "Дефолтный юнисайкл",
  "ui.options.multiplayer.unicycleDefault": "Конфигурация Unicycle по умолчанию",
  "ui.options.multiplayer.unicycleAutoSave": "Автоматически сохранять последний использованный Unicycle",
  "ui.options.multiplayer.unicycleAutoSave.tooltip": "При деспавне юнисайкла, он будет сохранен и использован при следующем спавне",
  "ui.options.multiplayer.unicycleOnSwitch": "По умолчанию установлено значение",
  "ui.options.multiplayer.skipModSecurityWarning": "Пропустить всплывающее окно с предупреждением безопасности мода.",
  "ui.options.multiplayer.skipModSecurityWarning.tooltip": "Отключите всплывающее окно безопасности при присоединении к модифицированным серверам.",
  "ui.options.multiplayer.blobsTitle": "Шары",
  "ui.options.multiplayer.nameTagTitle": "Никнеймы",
  "ui.options.multiplayer.others": "Другое",
  "ui.options.multiplayer.new": "Новое",
  "ui.options.multiplayer.experimental": "Экспериментальное",
  "ui.multiplayer.multiplayer": "Мультиплеер",
  "ui.multiplayer.connecting": "Соединение",
  "ui.multiplayer.connectingToServer": "Подключение к серверу...",
  "ui.multiplayer.loading": "Загрузка...",
  "ui.multiplayer.official": "Официальные серверы",
  "ui.multiplayer.servers": "Публичные серверы",
  "ui.multiplayer.favorites": "Избранное",
  "ui.multiplayer.favorite": "Сохранить как избранное",
  "ui.multiplayer.favoritedToast.title": "Избранный сервер",
  "ui.multiplayer.favoritedToast.description": "Этот сервер добавлен в избранное.",
  "ui.multiplayer.featured": "Избранные серверы",
  "ui.multiplayer.partner": "Партнерские серверы",
  "ui.multiplayer.recent": "Последние",
  "ui.multiplayer.direct_connect": "Прямое подключение",
  "ui.multiplayer.refresh": "Обновить",
  "ui.multiplayer.connect": "Подключиться",
  "ui.multiplayer.addCustomServer": "Добавить сервер",
  "ui.multiplayer.location": "Расположение",
  "ui.multiplayer.description": "Заголовок",
  "ui.multiplayer.map": "Карта",
  "ui.multiplayer.forum": "Форум",
  "ui.multiplayer.docs": "Вики",
  "ui.multiplayer.discord": "Дискорд",
  "ui.multiplayer.patreon": "Патреон",
  "ui.multiplayer.github": "Гитхаб(GitHub)",
  "ui.multiplayer.players": "Игроки",
  "ui.multiplayer.emptyOnly": "Пустые",
  "ui.multiplayer.emptyOnlyTooltip": "Показать только пустые серверы",
  "ui.multiplayer.notEmpty": "Не пустые",
  "ui.multiplayer.notEmptyTooltip": "Показать только НЕ пустые серверы",
  "ui.multiplayer.notFull": "Не полные",
  "ui.multiplayer.notFullTooltip": "Показать только НЕ полные серверы",
  "ui.multiplayer.mapFilterTooltip": "Включить фильтр карты",
  "ui.multiplayer.modSlider": "Лимит размера модов",
  "ui.multiplayer.modSliderTooltip": "Включить лимит размера модов",
  "ui.multiplayer.clearRecent": "Очистить недавние",
  "ui.multiplayer.pasteFromClipboard": "Вставить из буфера обмена",
  "ui.multiplayer.save": "Сохранить",
  "ui.multiplayer.logout": "Выйти",
  "ui.multiplayer.login": "Войти",
  "ui.multiplayer.register": "Зарегистрироваться",
  "ui.multiplayer.playAsGuest": "Играть как гость",
  "ui.multiplayer.loginDescription1": "Авторизуйтесь с помощью вашего BeamMP аккаунта.",
  "ui.multiplayer.guestDescription1": "Играя как гость, вы можете столкнуться с некоторыми ограничениями на серверах, мы рекомендуем зарегистрировать свой аккаунт BeamMP для получения лучшего игрового опыта.",
  "ui.multiplayer.iHaveAnAccount": "У меня уже есть аккаунт",
  "ui.multiplayer.play": "Играть",
  "ui.multiplayerlauncher.lost": "Игра не подключена к лаунчеру! Пожалуйста запустите игру используя лаунчер BeamMP.",
  "ui.multiplayerlauncher.connect": "Подключиться",
  "ui.multiplayertos.title": "Правила и условия использования",
  "ui.multiplayertos.tos": "Условия использования",
  "ui.multiplayertos.rules": "Правила",
  "ui.multiplayertos.tos.description1": "Полные условия использования тут ",
  "ui.multiplayertos.tos.description2": "Для того чтобы играть в BeamMP, вам придется прочитать и принять условия предоставления услуг",
  "ui.multiplayertos.rules.description1": "Правила тут ",
  "ui.multiplayertos.rules.description2": "Для того чтобы играть в BeamMP, вам придется принять все правила игры",
  "ui.multiplayertos.info1": "Дополнительная информация в нашем ",
  "ui.multiplayertos.info2": "Вы можете найти больше информации в нашем ",
  "ui.common.multiplayer.sync": "Синхронизация",
  "ui.apps.categories.multiplayer": "Мультиплеер",
  "ui.camera.mode.passenger": "Пассажир",
  "ui.multiplayer.security.no_return": "Отмена & Возврат",
  "ui.multiplayer.security.accept_proceed": "Скачать & Присоединиться",
  "ui.multiplayer.security.title": "На сервере обнаружены моды",
  "ui.multiplayer.security.prompt": "На сервере, к которому вы присоединяетесь, есть моды, которые загружаются и устанавливаются автоматически. Эти моды могут содержать код, который будет работать на вашем компьютере, и могут быть вредоносными. Прежде чем продолжить, убедитесь, что вы доверяете владельцам серверов. Если вы уверены, что моды не являются вредоносными, вы можете продолжать на свой страх и риск. BeamMP не несет ответственности за любой контент, загруженный с этого сервера. Это предупреждение можно отключить в настройках.",
  "ui.multiplayer.configprotection.clone.title": "Ошибка клонирования транспортного средства",
  "ui.multiplayer.configprotection.clone.message": "Извините, вы не можете клонировать это транспортное средство.",
  "ui.multiplayer.configprotection.save.title": "Ошибка сохранения транспортного средства",
  "ui.multiplayer.configprotection.save.message": "Извините, вы не можете сохранить это транспортное средство.",
  "ui.multiplayer.patreon.message.user": "Нравится BeamMP? Рассмотрите возможность поддержать нашу работу на Patreon!",
  "ui.multiplayer.patreon.button.user": "Читать далее",
  "ui.multiplayer.patreon.message.ea": "Спасибо за поддержку BeamMP!",
  "ui.multiplayer.patreon.button.ea": "Перки",
  "ui.multiplayer.patreon.popup.user": "Поддержите BeamMP на Patreon",
  "ui.multiplayer.patreon.popup.ea": "Спасибо за поддержку BeamMP!"
}
