{
  "ui.playmodes.multiplayer": "Çok Oyunculu",
  "ui.options.multiplayer": "Çok Oyunculu",
  "ui.options.multiplayer.protectConfigFromClone": "Araç Klonlama Korumasını Etkinleştir",
  "ui.options.multiplayer.protectConfigFromClone.tooltip": "Bu aracı diğer oyuncular tarafından klonlanmaya karşı koruyun.",
  "ui.options.multiplayer.enableNewChatMenu": "Yeni sohbet menüsü",
  "ui.options.multiplayer.enableNewChatMenu.tooltip": "Yeni sohbet menüsü ImGui kullanıyor. Özelleştirilebilir, şık ve harika!",
  "ui.options.multiplayer.enablePosSmoother": "Araç pozisyonu düzeltmeyi etkinleştir",
  "ui.options.multiplayer.enablePosSmoother.tooltip": "Dengesiz bağlantılara sahip oyunculardan gelen pozisyon verilerini yumuşatmaya çalışarak araç bükülmesini vs. azaltır",
  "ui.options.multiplayer.autoSyncVehicles": "Otomatik parça senkronizasyonunu etkinleştir",
  "ui.options.multiplayer.autoSyncVehicles.tooltip": "Etkinleştirilirse araç parçalarınız birkaç saniye sonra otomatik olarak diğer oyuncularla senkronize edilecektir",
  "ui.options.multiplayer.queueSpawnEdit": "Oyuncu aracı güncelleme/düzenleme kuyruğunu etkinleştir",
  "ui.options.multiplayer.queueSpawnEdit.tooltip": "Etkinleştirilirse, araç oluşturma ve düzenlemeler anında uygulanmak yerine sırayla uygulanır",
  "ui.options.multiplayer.queueAuto": "Sıraya alınan araç değişikliklerini otomatik olarak uygula",
  "ui.options.multiplayer.queueAuto.tooltip": "Etkinleştirilirse sıradaki araçlar yalnızca aşağıdaki ayarlara göre durduğunuzda spawnlanır",
  "ui.options.multiplayer.highlightQueuedPlayers": "Sıradaki oyuncuları vurgula",
  "ui.options.multiplayer.highlightQueuedPlayers.tooltip": "Oyuncu listesinde etkinlikleri sıraya almış oyuncuları vurgulayın",
  "ui.options.multiplayer.playerlistLeftclick": "Oyuncu listesi sol tıklama eylemi",
  "ui.options.multiplayer.playerlistLeftclick.tooltip": "Oyuncu listesinde bir oyuncu adına sol tıkladığınızda ne olacağını seçin",
  "ui.options.multiplayer.queueApplySpeed": "Sıra uygulama hızı eşiği",
  "ui.options.multiplayer.queueApplySpeed.tooltip": "Aracınız bu hızdan daha yavaş hareket ederse sıra uygulanır",
  "ui.options.multiplayer.queueApplyTimeout": "Sıra uygulaması zaman aşımı",
  "ui.options.multiplayer.queueApplyTimeout.tooltip": "Aracınız bu süre boyunca ayarladığınız hız eşiğinin altında hareket ederse sıra geçerli olur",
  "ui.options.multiplayer.queueAutoSkipRemote": "Başkalarını izliyorsan sırayı atla",
  "ui.options.multiplayer.queueAutoSkipRemote.tooltip": "Etkinleştirildiğinde diğer oyuncuları izlediğinizde sıradaki araçlar hemen spawnlanacaktır",
  "ui.options.multiplayer.queueSkipUnicycle": "Unicycle'ları sıraya sokma (Kardan Adam veya Beamling)",
  "ui.options.multiplayer.queueSkipUnicycle.tooltip": "Etkinleştirildiğinde Unicycle'lar (Kardan Adam veya Beamling) sıraya sokulmadan spawnlanır ",
  "ui.options.multiplayer.luaOptimisations": "Araç optimizasyonlarını etkinleştir",
  "ui.options.multiplayer.luaOptimisations.tooltip": "Etkinleştirilirse, diğer araçlar sınırlı Lua hesaplamaları çalıştırarak performansı artırır",
  "ui.options.multiplayer.nameTags": "Oyuncu isim etiketlerini gizle",
  "ui.options.multiplayer.nameTagAlternate": "Alternatif isim etiketi rengi kullan",
  "ui.options.multiplayer.nameTagShowDistance": "Başka oyunculara olan mesafeyi göster",
  "ui.options.multiplayer.debugOutput": "Konsolda ağ etkinliği göster",
  "ui.options.multiplayer.launcherPort": "Launcher portu:[br]Zorunlu kalmadıkça değiştirmeyin",
  "ui.options.multiplayer.launcherPortWarn": "Zorunlu kalmadıkça değiştirmeyin",
  "ui.options.multiplayer.launcherPortDefaultPort": "Varsayılan port 4444",
  "ui.options.multiplayer.launcherPort.tooltip": "Buna launcherın kullanması için ayarlanan özel portu girin",
  "ui.options.multiplayer.clearLauncherCache": "Launcher'ın mod önbelleğini temizle",
  "ui.options.multiplayer.clearLauncherCache.tooltip": "Etkinleştirildiğinde launcher'ın o anda indirdiği mod önbelleği temizlenir. Bunu yapmak bağlandığınız her sunucu için tüm modları yeniden indirmenize sebep olacaktır.",
  "ui.options.multiplayer.skipOtherPlayersVehicles": "Diğer oyunuların arabalarına geçiş yapmayı devre dışı bırak",
  "ui.options.multiplayer.fadeVehicles": "Yaklaştıkça araçları soldur",
  "ui.options.multiplayer.fadeVehicles.tooltip": "Çarpışma fizikleri devre dışı bırakıldığında birlikte iyi çalışır",
  "ui.options.multiplayer.showPlayerIDs": "Oyuncu kimliğini göster",
  "ui.options.multiplayer.showPlayerIDs.tooltip": "Oyuncu listesinde oyuncu kimliklerininin görüntülenmesini etkinleştirin.",
  "ui.options.multiplayer.disableLuaReload": "Bir sunucudan çıkarken Lua'nın yeniden yüklenmesini devre dışı bırak",
  "ui.options.multiplayer.disableLuaReload.tooltip": "Lua'nın yeniden yüklenmesi modların oyun işlevlerini değiştirmesi durumunda oyunun yeniden çalışır hale gelmesi için gereklidir. Oyunun daha hızlı yüklenmesi için riski size ait olmak üzere devre dışı bırakılabilir.",
  "ui.options.multiplayer.disableInstabilityPausing": "Kararsızlıklardan kaynaklanan duraklatmayı devre dışı bırak",
  "ui.options.multiplayer.disableInstabilityPausing.tooltip": "Etkinleştirmek oyunun duraksamalarını önleyecektir fakat birden fazla kararsızlıktan sonra senkronizasyon sorunlarına neden olabilir",
  "ui.options.multiplayer.simplifyRemoteVehicles": "Mümkün olduğunda basitleştirilmiş araçlar kullan",
  "ui.options.multiplayer.simplifyRemoteVehicles.tooltip": "Bu ayar sizin olmayan araçları BeamNG tarafından sağlanan 'trafik' versiyonlarıyla değiştirir. Çarpışmaların ve araç görsellerinin doğruluğunu azaltır, ancak performansı artırır",
  "ui.options.multiplayer.enableBlobs": "Spawnlanmayan araçlar için blobları etkinleştir (siyah yuvarlak cisim)",
  "ui.options.multiplayer.enableBlobs.tooltip": "Spawnlanmayan araçlar renkli küreler (bloblar) olarak görünecektir",
  "ui.options.multiplayer.showSpectators": "İzleyicinin isim etiketini araç isim etiketinin altında göster",
  "ui.options.multiplayer.showSpectators.tooltip": "Başkalarının araçlarını izleyen oyuncular, isim etiketlerinin altında listelenecektir",
  "ui.options.multiplayer.spectatorUnifiedColors": "Seyirci isim etiketleri için aynı renk",
  "ui.options.multiplayer.spectatorUnifiedColors.tooltip": "Kullanıcının rolünden bağımsız olarak tüm izleyici isim etiketlerini gri olarak çizer",
  "ui.options.multiplayer.nametagFade": "İsim etiketlerini içeri/dışarı soldur",
  "ui.options.multiplayer.nametagFadeIn": "İçeri soldur",
  "ui.options.multiplayer.nametagFadeOut": "Dışarı soldur",
  "ui.options.multiplayer.nametagFadeDistance": "Solma mesafesi",
  "ui.options.multiplayer.nametagFadeDistance.tooltip": "İsim etiketlerinin ne kadar uzaklıkta solmaya başlayacağı/duracağı",
  "ui.options.multiplayer.nametagInvertFade": "İsim etiketi solma yönünü ters çevir",
  "ui.options.multiplayer.nametagDontFullyHide": "İsim etiketlerini tamamen gizleme",
  "ui.options.multiplayer.nametagCharLimit": "İsim etiketi uzunluk sınırı",
  "ui.options.multiplayer.nametagCharLimit.tooltip": "İsim etiketinde görülmek istenen maksimum karakter sayısı",
  "ui.options.multiplayer.shortenNametags": "İsim ve rol etiketlerini kısalt",
  "ui.options.multiplayer.shortenNametags.tooltip": "Uzun oyuncu isimlerini ve rollerini kes",
  "ui.options.multiplayer.showAdvancedOptions": "Gelişmiş seçenekleri göster",
  "ui.options.multiplayer.showAdvancedOptions.tooltip": "Tüm BeamMP ayarlarını göster",
  "ui.options.multiplayer.tuneBlobColors": "Renkleri ayarla",
  "ui.options.multiplayer.tuneBlobColorsHelp": "HEX renk değeri (örn: #FF6400)",
  "ui.options.multiplayer.tuneBlobColorsVisible": "Görünür",
  "ui.options.multiplayer.tuneColorQueued": "Sırada bekleyen araç",
  "ui.options.multiplayer.tuneColorIllegal": "İllegal Araç ",
  "ui.options.multiplayer.tuneColorIllegalHelp": "(eksik mod, spawnlanamaz!)",
  "ui.options.multiplayer.tuneColorDeleted": "Deleted vehicle",
  "ui.options.multiplayer.unicycleTitle": "Varsayılan Unicycle'ı ayarla",
  "ui.options.multiplayer.unicycleDefault": "Varsayılan Unicycle confiği",
  "ui.options.multiplayer.unicycleAutoSave": "Son kullandığın Unicycle'ı otomatik olarak kaydet",
  "ui.options.multiplayer.unicycleAutoSave.tooltip": "Unicycle'ını despawnladığınızda kaydedilir ve sonraki spawnlamanızda yeniden kullanılır",
  "ui.options.multiplayer.unicycleOnSwitch": "Varsayılan olarak şuna ayarlanmış",
  "ui.options.multiplayer.skipModSecurityWarning": "Mod güvenlik uyarıs pencerisin atla",
  "ui.options.multiplayer.skipModSecurityWarning.tooltip": "Modlanmış sunuculara girerken güvenlik açılır penceresini devre dışı bırakın.",
  "ui.options.multiplayer.blobsTitle": "Bloblar",
  "ui.options.multiplayer.nameTagTitle": "İsim etiketleri",
  "ui.options.multiplayer.others": "Diğerler",
  "ui.options.multiplayer.new": "YENİ",
  "ui.options.multiplayer.experimental": "DENEYSEL",
  "ui.options.multiplayer.refreshIngame": "Sunucu listesinin oyun içinde yenilenmesine izin ver",
  "ui.options.multiplayer.refreshIngame.tooltip": "Bir oturumdayken sunucu listesinin yenilenmesine izin verilip verilmeyeceği. Bunu etkinleştirmek gecikme (lag) artışlarına neden olabilir.",
  "ui.multiplayer.multiplayer": "Çok Oyunculu",
  "ui.multiplayer.connecting": "Bağlanılıyor",
  "ui.multiplayer.connectingToServer": "Sunucuya bağlanılıyor...",
  "ui.multiplayer.loading": "Yükleniyor...",
  "ui.multiplayer.official": "Resmi Sunucular",
  "ui.multiplayer.servers": "Herkese Açık Sunucular",
  "ui.multiplayer.favorites": "Favoriler",
  "ui.multiplayer.favorite": "Favori Olarak Kaydet",
  "ui.multiplayer.favoritedToast.title": "Favori sunucu",
  "ui.multiplayer.favoritedToast.description": "Bu sunucu favorilere eklendi.",
  "ui.multiplayer.featured": "Öne Çıkan Sunucular",
  "ui.multiplayer.partner": "Partner Sunucuları",
  "ui.multiplayer.recent": "Son Sunucular",
  "ui.multiplayer.direct_connect": "Doğrudan bağlantı",
  "ui.multiplayer.refresh": "Yenile",
  "ui.multiplayer.connect": "Bağlan",
  "ui.multiplayer.addCustomServer": "Özel Sunucu Ekle",
  "ui.multiplayer.location": "Lokasyon",
  "ui.multiplayer.description": "Başlık",
  "ui.multiplayer.map": "Harita",
  "ui.multiplayer.forum": "Forum",
  "ui.multiplayer.docs": "Belgeler",
  "ui.multiplayer.discord": "Discord",
  "ui.multiplayer.patreon": "Patreon",
  "ui.multiplayer.github": "GitHub",
  "ui.multiplayer.players": "Oyuncular",
  "ui.multiplayer.emptyOnly": "Sadece boş",
  "ui.multiplayer.emptyOnlyTooltip": "Sadece boş suncuları göster",
  "ui.multiplayer.notEmpty": "Boş olmayan",
  "ui.multiplayer.notEmptyTooltip": "Sadece boş olmayan sunucuları göster",
  "ui.multiplayer.notFull": "Dolu olmayan",
  "ui.multiplayer.notFullTooltip": "Sadece dolu olmayan sunucuları göster",
  "ui.multiplayer.mapFilterTooltip": "Harita filtresini etkinleştir",
  "ui.multiplayer.serverVersionFilterTooltip": "Sunucu versiyonu filtresini etkinleştir",
  "ui.multiplayer.tagFilterTooltip": "Etiket filtresini etkinleştir",
  "ui.multiplayer.serverLocationFilterTooltip": "Sunucu konumu filtresini etkinleştir",
  "ui.multiplayer.modSlider": "Mod boyutu sınırlayıcısı",
  "ui.multiplayer.modSliderTooltip": "Mod boyutu sınırlayıcısını etkinleştir",
  "ui.multiplayer.clearRecent": "Son Sunucuları Temizle",
  "ui.multiplayer.pasteFromClipboard": "Panodan Yapıştır",
  "ui.multiplayer.save": "Kaydet",
  "ui.multiplayer.logout": "Çıkış yap",
  "ui.multiplayer.login": "Giriş yap",
  "ui.multiplayer.register": "Kayıt ol",
  "ui.multiplayer.playAsGuest": "Misafir olarak oyna",
  "ui.multiplayer.loginDescription1": "BeamMP hesabınla giriş yap.",
  "ui.multiplayer.guestDescription1": "Misafir olarak oynamanın sunucu kısıtlamaları olabilir, bazı sunuculara girmenizi engelleyebilir. tam deneyim için kayıtlı bir hesap kullanmanızı öneririz.",
  "ui.multiplayer.iHaveAnAccount": "Bir hesabım var",
  "ui.multiplayer.play": "Oyna",
  "ui.multiplayerlauncher.lost": "Oyun launcher'a bağlı değil! Lütfen BeamMP launcherını kullanarak oyunu başlatın.",
  "ui.multiplayerlauncher.connect": "Bağlan",
  "ui.multiplayertos.title": "Kurallar ve hizmet şartları",
  "ui.multiplayertos.tos": "Hizmet şartları",
  "ui.multiplayertos.rules": "Kurallar",
  "ui.multiplayertos.tos.description1": "Hizmet şartlarının tamamını burada bulabilirsiniz",
  "ui.multiplayertos.tos.description2": "BeamMP oynamak için hizmet şartlarını okumanız ve kabul etmeniz gerekecektir.",
  "ui.multiplayertos.rules.description1": "Kurallarımızın tamamını burada bulabilirsiniz",
  "ui.multiplayertos.rules.description2": "BeamMP oynamak için tüm oyun kurallarını kabul etmeniz gerekecektir.",
  "ui.multiplayertos.info1": "Daha fazla bilgi için buraya bakabilirsiniz",
  "ui.multiplayertos.info2": "Ayrıca burada daha fazla bilgi bulabilirsiniz",
  "ui.common.multiplayer.sync": "Senkronize et",
  "ui.apps.categories.multiplayer": "Çok Oyunculu",
  "ui.camera.mode.passenger": "Yolcu",
  "ui.multiplayer.security.no_return": "İptal & Geri Dön",
  "ui.multiplayer.security.accept_proceed": "İndir ve Katıl",
  "ui.multiplayer.security.title": "Sunucu Modları Algılandı",
  "ui.multiplayer.security.prompt": "Katıldığınız sunucuda otomatik olarak indirilen ve yüklenen modlar vardır. Bu modlar bilgisayarınızda çalışacak kodlar içerebilir ve kötü amaçlı olabilir. Lütfen devam etmeden önce sunucu sahiplerine güvendiğinizden emin olun. Modların kötü amaçlı olmadığına güveniyorsanız, kendi sorumluluğunuzda devam edebilirsiniz. BeamMP bu sunucudan indirilen hiçbir içerikten sorumlu değildir. Bu uyarı ayarlardan devre dışı bırakılabilir.",
  "ui.multiplayer.configprotection.clone.title": "Araç Klonlama Hatası",
  "ui.multiplayer.configprotection.clone.message": "Üzgünüm, bu aracı klonlayamazsınız.",
  "ui.multiplayer.configprotection.save.title": "Araç Kaydetme Hatası",
  "ui.multiplayer.configprotection.save.message": "Üzgünüm, bu aracı kaydedemezsiniz.",
  "ui.multiplayer.patreon.message.user": "BeamMP'yi beğeniyor musunuz? Patreon'da çalışmalarımızı desteklemeyi düşünün!",
  "ui.multiplayer.patreon.button.user": "Daha fazla",
  "ui.multiplayer.patreon.message.ea": "BeamMP'yi desteklediğiniz için teşekkür ederiz!",
  "ui.multiplayer.patreon.button.ea": "Avantajlar",
  "ui.multiplayer.patreon.popup.user": "Patreon'da BeamMP'yi destekleyin",
  "ui.multiplayer.patreon.popup.ea": "BeamMP'yi desteklediğiniz için teşekkür ederiz!",
  "ui.multiplayer.filterOptions": "Filtre Seçenekleri",
  "ui.multiplayer.clearFilters": "Filtreleri Temizle",
  "ui.multiplayer.openFilters": "Filtreleri Aç",
  "ui.multiplayer.activeFilters": "Aktif Filtreler:",
  "ui.multiplayer.filters.empty": "Boş",
  "ui.multiplayer.filters.notEmpty": "Boş değil",
  "ui.multiplayer.filters.notFull": "Dolu değil",
  "ui.multiplayer.filters.modSize": "Mod büyüklüğü",
  "ui.multiplayer.filters.map": "Harita",
  "ui.multiplayer.filters.serverVersions": "Sunucu Versiyon(ları):",
  "ui.multiplayer.filters.tags": "Etiketler:",
  "ui.multiplayer.filters.serverLocations": "Lokasyon(lar): ",
  "ui.apps.multiplayer.playerlist.copyname": "Adı kopyala",
  "ui.apps.multiplayer.playerlist.deleteAllVehicles": "Tüm araçları sil",
  "ui.apps.multiplayer.playerlist.queueEvents": "Etkinlikleri kuyruğa ekle",
  "ui.apps.multiplayer.playerlist.switchCameraTo": "İzle",
  "ui.apps.multiplayer.playerlist.openProfile": "Profili göster",
  "ui.apps.multiplayer.playerlist.restoreVehicles": "Silinen araçları kuyruğa ekle",
  "ui.apps.multiplayer.playerlist.players": "Oyuncular",
  "ui.apps.multiplayer.playerlist.error": "Oyuncu yok... bir sorun var"
}
