{
    "ui.playmodes.multiplayer": "Мультиплеєр",
    "ui.options.multiplayer": "Мультиплеєр",
    "ui.options.multiplayer.protectConfigFromClone": "Увімкнути захист конфігурації від клонування",
    "ui.options.multiplayer.protectConfigFromClone.tooltip": "Захистіть цей конфіг від клонування іншими гравцями.",
    "ui.options.multiplayer.enableNewChatMenu": "Нове меню чату",
    "ui.options.multiplayer.enableNewChatMenu.tooltip": "Нове меню чату використовує ImGui. Його можна налаштовувати, він елегантний та приголомшливий!",
    "ui.options.multiplayer.enablePosSmoother": "Увімкнути згладжування положення машини",
    "ui.options.multiplayer.enablePosSmoother.tooltip": "Спроба згладити дані про положення гравців з нестабільним з'єднанням, зменшуючи деформацію транспортного засобу/гуми",
    "ui.options.multiplayer.autoSyncVehicles": "Увімкнути автоматичну синхронізацію деталей",
    "ui.options.multiplayer.autoSyncVehicles.tooltip": "Якщо увімкнено, деталі вашої машини будуть автоматично синхронізовані з іншими гравцями через кілька секунд",
    "ui.options.multiplayer.queueSpawnEdit": "Увімкнути чергу на оновлення/редагування машин гравців",
    "ui.options.multiplayer.queueSpawnEdit.tooltip": "Якщо увімкнено, віддалене створення та редагування машин ставитиметься в чергу, а не застосовуватиметься миттєво",
    "ui.options.multiplayer.queueAuto": "Автоматично застосовувати чергу зміни машин",
    "ui.options.multiplayer.queueAuto.tooltip": "Якщо увімкнено, зміни із черги будуть застосовані лише після зупинки, відповідно до наведених нижче налаштувань",
    "ui.options.multiplayer.highlightQueuedPlayers": "Виділення гравців у черзі",
    "ui.options.multiplayer.highlightQueuedPlayers.tooltip": "Виділення гравців які поставили події в чергу у списку гравців",
    "ui.options.multiplayer.queueApplySpeed": "Поріг швидкості виконання черги",
    "ui.options.multiplayer.queueApplySpeed.tooltip": "Черги застосовуються, якщо ваша машина рухається повільніше цієї швидкості",
    "ui.options.multiplayer.queueApplyTimeout": "Тайм-аут застосування черги",
    "ui.options.multiplayer.queueApplyTimeout.tooltip": "Черги застосовуються, якщо ваша машина рухається нижче встановленого порогу швидкості протягом цього часу",
    "ui.options.multiplayer.queueAutoSkipRemote": "Пропустити чергу, якщо ви дивитеся на інших",
    "ui.options.multiplayer.queueAutoSkipRemote.tooltip": "Якщо включено та ви спостерігаєте за іншими гравцями, зміни до машин застосуються негайно",
    "ui.options.multiplayer.queueSkipUnicycle": "Не ставити в чергу уніцикли (Сніговики/Бімлінги)",
    "ui.options.multiplayer.queueSkipUnicycle.tooltip": "Якщо увімкнено, Сніговики та Бімлінги з'являться миттєво",
    "ui.options.multiplayer.luaOptimisations": "Увімкнути оптимізацію машини",
    "ui.options.multiplayer.luaOptimisations.tooltip": "Якщо увімкнено, інші машини виконуватимуть обмежені обчислення Lua, покращуючи продуктивність",
    "ui.options.multiplayer.nameTags": "Приховати нікнейми гравців",
    "ui.options.multiplayer.nameTagAlternate": "Використовувати альтернативні кольори нікнеймів",
    "ui.options.multiplayer.nameTagShowDistance": "Показувати відстань до інших гравців",
    "ui.options.multiplayer.debugOutput": "Показувати мережеву активність у консолі",
    "ui.options.multiplayer.launcherPort": "Порт лаунчера:[br]Не змінюйте без необхідності",
    "ui.options.multiplayer.launcherPortWarn": "Не змінюйте без необхідності",
    "ui.options.multiplayer.launcherPortDefaultPort": "За замовчуванням 4444",
    "ui.options.multiplayer.launcherPort.tooltip": "Встановіть цей параметр на користувацький порт, який було налаштовано в лаунчері.",
    "ui.options.multiplayer.clearLauncherCache": "Очистити кеш модів лаунчера",
    "ui.options.multiplayer.clearLauncherCache.tooltip": "Увімкнення цієї опції очистить кеш модів, які ви завантажили у лаунчері. Це призведе до того, що вам доведеться повторно завантажувати всі моди для кожного сервера до якого ви приєднаєтеся.",
    "ui.options.multiplayer.skipOtherPlayersVehicles": "Вимкнути перемикання на машини інших гравців",
    "ui.options.multiplayer.fadeVehicles": "Машини стають прозорими під час наближення",
    "ui.options.multiplayer.fadeVehicles.tooltip": "Добре працює в парі з відключеними зіткненнями",
    "ui.options.multiplayer.showPlayerIDs": "Показувати ID гравців",
    "ui.options.multiplayer.showPlayerIDs.tooltip": "Увімкнути показ ID у списку гравців.",
    "ui.options.multiplayer.disableLuaReload": "Вимкнути перезавантаження Lua при виході з мультиплеєрного сервера.",
    "ui.options.multiplayer.disableLuaReload.tooltip": "Перезавантаження Lua потрібне для того, щоб гра повернулася до робочого стану, якщо моди замінили функції гри. Можна вимкнути для більш плавної роботи на власний страх і ризик.",
    "ui.options.multiplayer.disableInstabilityPausing": "Вимкнути паузи спричинені нестабільністю роботи",
    "ui.options.multiplayer.disableInstabilityPausing.tooltip": "Це зробить ігровий процес більш плавним, але може спричинити проблеми з синхронізацією після кількох випадків нестабільності",
    "ui.options.multiplayer.simplifyRemoteVehicles": "Використовувати спрощені машини, якщо вони доступні",
    "ui.options.multiplayer.simplifyRemoteVehicles.tooltip": "Цей параметр замінить віддалені машини на версії 'трафік', яка надається BeamNG. Зменшує точність зіткнень та візуалізацію, але покращує продуктивність",
    "ui.options.multiplayer.enableBlobs": "Використовувати згустки для невідтворених машин",
    "ui.options.multiplayer.enableBlobs.tooltip": "Не відтворені машини з'являться у вигляді кольорових сфер (згусткок)",
    "ui.options.multiplayer.showSpectators": "Показувати нікнейм глядача під нікнеймом машини",
    "ui.options.multiplayer.showSpectators.tooltip": "Гравці, які спостерігають за чужими машинами, будуть вказані під своїми нікнеймами",
    "ui.options.multiplayer.spectatorUnifiedColors": "Той самий колір для нікнеймів глядачів",
    "ui.options.multiplayer.spectatorUnifiedColors.tooltip": "Відображати всі нікнейми глядачів сірим кольором, незалежно від ролі користувача",
    "ui.options.multiplayer.nametagFade": "Поява/зникнення нікнеймів",
    "ui.options.multiplayer.nametagFadeIn": "Поява",
    "ui.options.multiplayer.nametagFadeOut": "Зникнення",
    "ui.options.multiplayer.nametagFadeDistance": "Відстань зникнення",
    "ui.options.multiplayer.nametagFadeDistance.tooltip": "Відстань на якій нікнейми почнуть зникати/перестануть зникати",
    "ui.options.multiplayer.nametagInvertFade": "Зворотний напрямок зникнення нікнейму",
    "ui.options.multiplayer.nametagDontFullyHide": "Не приховувати нікнейми повністю",
    "ui.options.multiplayer.nametagCharLimit": "Обмеження довжини нікнеймів",
    "ui.options.multiplayer.nametagCharLimit.tooltip": "Максимальна кількість символів, яку ви бажаєте бачити в нікнеймах",
    "ui.options.multiplayer.shortenNametags": "Скорочення нікнеймів та ролей",
    "ui.options.multiplayer.shortenNametags.tooltip": "Довгі нікнейми та ролі гравців буде скорочено",
    "ui.options.multiplayer.showAdvancedOptions": "Показати додаткові параметри",
    "ui.options.multiplayer.showAdvancedOptions.tooltip": "Показати всі налаштування BeamMP",
    "ui.options.multiplayer.tuneBlobColors": "Налаштування кольорів",
    "ui.options.multiplayer.tuneBlobColorsHelp": "Значення кольору HEX (наприклад: #FF6400)",
    "ui.options.multiplayer.tuneBlobColorsVisible": "Видимий",
    "ui.options.multiplayer.tuneColorQueued": "Машина в черзі",
    "ui.options.multiplayer.tuneColorIllegal": "Нелегальна машина ",
    "ui.options.multiplayer.tuneColorIllegalHelp": "(відсутній мод, неможливо створити)",
    "ui.options.multiplayer.tuneColorDeleted": "Видалити машину",
    "ui.options.multiplayer.unicycleTitle": "Встановити стандартний уніцикл",
    "ui.options.multiplayer.unicycleDefault": "Конфігурація за замовчуванням для уніциклу",
    "ui.options.multiplayer.unicycleAutoSave": "Автоматичне збереження останнього використаного уніциклу",
    "ui.options.multiplayer.unicycleAutoSave.tooltip": "Коли ви виводите уніцикл з гри, він зберігається і може бути використаний наступного разу, коли ви його створите.",
    "ui.options.multiplayer.unicycleOnSwitch": "За замовчуванням",
    "ui.options.multiplayer.skipModSecurityWarning": "Пропустити вікно з попередженням про безпеку модів",
    "ui.options.multiplayer.skipModSecurityWarning.tooltip": "Вимкнути спливаюче вікно безпеки під час приєднання до серверів із модами.",
    "ui.options.multiplayer.blobsTitle": "Згустки",
    "ui.options.multiplayer.nameTagTitle": "Нікнейми",
    "ui.options.multiplayer.others": "Інше",
    "ui.options.multiplayer.new": "НОВЕ",
    "ui.options.multiplayer.experimental": "ЕКСПЕРИМЕНТАЛЬНЕ",
    "ui.multiplayer.multiplayer": "Мультиплеєр",
    "ui.multiplayer.connecting": "Підключення",
    "ui.multiplayer.connectingToServer": "Підключення до сервера…",
    "ui.multiplayer.loading": "Завантаження…",
    "ui.multiplayer.official": "Офіційні сервери",
    "ui.multiplayer.servers": "Публічні сервери",
    "ui.multiplayer.favorites": "Улюблені",
    "ui.multiplayer.favorite": "Зберегти до улюблених",
    "ui.multiplayer.favoritedToast.title": "Улюблені сервери",
    "ui.multiplayer.favoritedToast.description": "Цей сервер було додано в улюблені.",
    "ui.multiplayer.featured": "Рекомендовані сервери",
    "ui.multiplayer.partner": "Партнерські сервери",
    "ui.multiplayer.recent": "Останні",
    "ui.multiplayer.direct_connect": "Пряме підключення",
    "ui.multiplayer.refresh": "Оновити",
    "ui.multiplayer.connect": "Підключитися",
    "ui.multiplayer.addCustomServer": "Додати власний сервер",
    "ui.multiplayer.location": "Розташування",
    "ui.multiplayer.description": "Назва",
    "ui.multiplayer.map": "Карта",
    "ui.multiplayer.forum": "Форум",
    "ui.multiplayer.docs": "Документація",
    "ui.multiplayer.discord": "Discord",    
    "ui.multiplayer.patreon": "Patreon",
    "ui.multiplayer.github": "GitHub",
    "ui.multiplayer.players": "Гравці",
    "ui.multiplayer.emptyOnly": "Тільки порожні",
    "ui.multiplayer.emptyOnlyTooltip": "Показувати лише порожні сервери",
    "ui.multiplayer.notEmpty": "Непорожні",
    "ui.multiplayer.notEmptyTooltip": "Показувати лише непорожні сервери",
    "ui.multiplayer.notFull": "Неповні",
    "ui.multiplayer.notFullTooltip": "Показувати лише неповні сервери",
    "ui.multiplayer.mapFilterTooltip": "Увімкнути фільтр карти",
    "ui.multiplayer.modSlider": "Обмежувач розміру мода",
    "ui.multiplayer.modSliderTooltip": "Увімкнути обмеження розміру мода",
    "ui.multiplayer.clearRecent": "Очистити останні",
    "ui.multiplayer.pasteFromClipboard": "Вставити з буфера обміну",
    "ui.multiplayer.save": "Зберегти",
    "ui.multiplayer.logout": "Вийти",
    "ui.multiplayer.login": "Увійти",
    "ui.multiplayer.register": "Зареєструватися",
    "ui.multiplayer.playAsGuest": "Грати як гість",
    "ui.multiplayer.loginDescription1": "Увійдіть за допомогою свого акаунту BeamMP.",
    "ui.multiplayer.guestDescription1": "Гра в ролі гостя може мати певні обмеження на сервері, для повноцінної гри ми рекомендуємо використовувати зареєстрований акаунт.",
    "ui.multiplayer.iHaveAnAccount": "В мене є акаунт",
    "ui.multiplayer.play": "Грати",
    "ui.multiplayerlauncher.lost": "Гра не підключена до лаунчера! Будь ласка, запустіть гру за допомогою BeamMP Launcher.",
    "ui.multiplayerlauncher.connect": "Підключитися",
    "ui.multiplayertos.title": "Правила та умови надання послуг",
    "ui.multiplayertos.tos": "Умови надання послуг",
    "ui.multiplayertos.rules": "Правила",
    "ui.multiplayertos.tos.description1": "З повними умовами надання послуг можна ознайомитися тут ",
    "ui.multiplayertos.tos.description2": "Для того, щоб грати в BeamMP, ви повинні прочитати та прийняти умови надання послуг.",
    "ui.multiplayertos.rules.description1": "Наші правила можна знайти тут ",
    "ui.multiplayertos.rules.description2": "Щоб грати в BeamMP, вам потрібно прийняти всі правила гри.",
    "ui.multiplayertos.info1": "Для отримання додаткової інформації обов'язково перегляньте наші ",
    "ui.multiplayertos.info2": "Ви також можете знайти більше інформації на нашому ",
    "ui.common.multiplayer.sync": "Синхронізація",
    "ui.apps.categories.multiplayer": "Мультиплеєр",
    "ui.camera.mode.passenger": "Пасажир",
    "ui.multiplayer.security.no_return": "Скасувати & Повернутися",
    "ui.multiplayer.security.accept_proceed": "Завантажити & Приєднатися",
    "ui.multiplayer.security.title": "Виявлено моди на сервері",
    "ui.multiplayer.security.prompt": "На сервері до якого ви приєднуєтеся присутні моди, які завантажуються та встановлюються автоматично. Ці моди можуть містити код, який виконуватиметься на вашому комп'ютері, і може бути шкідливими. Будь ласка, переконайтеся, що ви довіряєте власнику(ам) сервера, перш ніж продовжити. Якщо ви впевнені, що моди не є шкідливими, ви можете продовжувати на свій страх і ризик. BeamMP не несе відповідальності за будь-який вміст, завантажений з цього сервера. Це попередження можна вимкнути у налаштуваннях.",
    "ui.multiplayer.configprotection.clone.title": "Помилка клонування машини",
    "ui.multiplayer.configprotection.clone.message": "На жаль, ви не можете клонувати цю машину.",
    "ui.multiplayer.configprotection.save.title": "Помилка збереження машини",
    "ui.multiplayer.configprotection.save.message": "На жаль, ви не можете зберегти цю машину.",
    "ui.multiplayer.patreon.message.user": "Вам подобається BeamMP? Підтримайте нашу роботу на Patreon!",
    "ui.multiplayer.patreon.button.user": "Читати далі",
    "ui.multiplayer.patreon.message.ea": "Дякуємо за підтримку BeamMP!",
    "ui.multiplayer.patreon.button.ea": "Переваги",
    "ui.multiplayer.patreon.popup.user": "Підтримайте BeamMP на Patreon",
    "ui.multiplayer.patreon.popup.ea": "Дякуємо за підтримку BeamMP!"
}
