{
  "ui.playmodes.multiplayer": "多人模式",
  "ui.options.multiplayer": "多人模式",
  "ui.options.multiplayer.protectConfigFromClone": "启用配置防复制",
  "ui.options.multiplayer.protectConfigFromClone.tooltip": "防止其他玩家复制此配置。",
  "ui.options.multiplayer.enableNewChatMenu": "全新聊天菜单",
  "ui.options.multiplayer.enableNewChatMenu.tooltip": "此聊天菜单使用了ImGui。其支持自定义，时尚又整洁，非常的棒棒！",
  "ui.options.multiplayer.enablePosSmoother": "启用车辆位置平滑",
  "ui.options.multiplayer.enablePosSmoother.tooltip": "尝试平滑来自连接不稳定的玩家的位置数据，减少车辆传送/橡皮筋",
  "ui.options.multiplayer.autoSyncVehicles": "启用自动零部件同步",
  "ui.options.multiplayer.autoSyncVehicles.tooltip": "若启用，您的载具部件将自动在几秒钟内同步给其他玩家。",
  "ui.options.multiplayer.queueSpawnEdit": "启用玩家载具生成与更新队列",
  "ui.options.multiplayer.queueSpawnEdit.tooltip": "若启用，其他载具的生成与更新将被排入一个队列，而非即刻处理。",
  "ui.options.multiplayer.queueAuto": "自动处理队列请求",
  "ui.options.multiplayer.queueAuto.tooltip": "若启用，您仅会在停止时根据以下设置处理队列中的请求。",
  "ui.options.multiplayer.highlightQueuedPlayers": "高亮队列中玩家",
  "ui.options.multiplayer.highlightQueuedPlayers.tooltip": "在玩家列表中突出显示队列中的玩家",
  "ui.options.multiplayer.queueApplySpeed": "队列处理速度限制",
  "ui.options.multiplayer.queueApplySpeed.tooltip": "若您的载具的速度低于此阈值，则处理队列",
  "ui.options.multiplayer.queueApplyTimeout": "队列处理时间限制",
  "ui.options.multiplayer.queueApplyTimeout.tooltip": "若您的载具在此时长内的速度低于您设定的速度阈值，则处理队列",
  "ui.options.multiplayer.queueAutoSkipRemote": "在旁观玩家时跳过队列",
  "ui.options.multiplayer.queueAutoSkipRemote.tooltip": "若启用，您将在旁观其他玩家时即刻处理队列中的请求。",
  "ui.options.multiplayer.queueSkipUnicycle": "跳过独轮车（雪人/Beam人）",
  "ui.options.multiplayer.queueSkipUnicycle.tooltip": "若启用，您将即刻生成其他独轮车（雪人/Beam人）。",
  "ui.options.multiplayer.luaOptimisations": "启用载具优化",
  "ui.options.multiplayer.luaOptimisations.tooltip": "如果启用，将限制其他载具的Lua运算，以提升性能",
  "ui.options.multiplayer.nameTags": "隐藏玩家名牌",
  "ui.options.multiplayer.nameTagAlternate": "使用其他名牌颜色",
  "ui.options.multiplayer.nameTagShowDistance": "显示与其他玩家的距离",
  "ui.options.multiplayer.debugOutput": "在终端内显示网络状态",
  "ui.options.multiplayer.launcherPort": "启动器端口：[br]若非必要，请勿更改。",
  "ui.options.multiplayer.launcherPortWarn": "若非必要，请勿更改",
  "ui.options.multiplayer.launcherPortDefaultPort": "默认为4444",
  "ui.options.multiplayer.launcherPort.tooltip": "将此设置为启动器所使用的端口。",
  "ui.options.multiplayer.clearLauncherCache": "清空启动器模组缓存",
  "ui.options.multiplayer.clearLauncherCache.tooltip": "启用这个将会清空启动器的当前已下载模组缓存。这将导致您在重新加入服务器时需要重新下载其所有模组。",
  "ui.options.multiplayer.skipOtherPlayersVehicles": "禁止切换至其他玩家的载具",
  "ui.options.multiplayer.fadeVehicles": "在其他载具靠近时将其淡出",
  "ui.options.multiplayer.fadeVehicles.tooltip": "适合与禁用碰撞的选项搭配。",
  "ui.options.multiplayer.showPlayerIDs": "显示玩家ID",
  "ui.options.multiplayer.showPlayerIDs.tooltip": "在玩家列表中显示玩家ID。",
  "ui.options.multiplayer.disableLuaReload": "禁用离开服务器时的lua重载.",
  "ui.options.multiplayer.disableLuaReload.tooltip": "为确保游戏被复原至其原本的状态，lua重载是避免模组替换游戏功能的必须步骤。您可以将其禁用掉来换取更流畅的游戏体验，但后果自负。",
  "ui.options.multiplayer.disableInstabilityPausing": "禁止因不稳定事件导致的暂停",
  "ui.options.multiplayer.disableInstabilityPausing.tooltip": "这会让游玩更流畅，但可能会在几次不稳定事件后出现同步问题。",
  "ui.options.multiplayer.simplifyRemoteVehicles": "使用简化载具（可用时）",
  "ui.options.multiplayer.simplifyRemoteVehicles.tooltip": "此设置将替换其他载具为BeamNG提供的‘交通流’简化版本。以碰撞精准度和外观为代价，提升性能。",
  "ui.options.multiplayer.enableBlobs": "启用未生成载具圆泡",
  "ui.options.multiplayer.enableBlobs.tooltip": "未生成的车辆将显示为彩色球体（圆泡）",
  "ui.options.multiplayer.showSpectators": "在载具名牌下显示旁观者名牌",
  "ui.options.multiplayer.showSpectators.tooltip": "旁观其他载具的玩家将被列在载具名牌下方",
  "ui.options.multiplayer.spectatorUnifiedColors": "旁观者名牌颜色相同",
  "ui.options.multiplayer.spectatorUnifiedColors.tooltip": "将所有旁观玩家以灰色显示，无论其身份",
  "ui.options.multiplayer.nametagFade": "淡出/淡入名牌",
  "ui.options.multiplayer.nametagFadeIn": "淡入",
  "ui.options.multiplayer.nametagFadeOut": "淡出",
  "ui.options.multiplayer.nametagFadeDistance": "淡出/淡入距离",
  "ui.options.multiplayer.nametagFadeDistance.tooltip": "名牌开始淡入/停止淡出的距离",
  "ui.options.multiplayer.nametagInvertFade": "反转淡出/淡入方向",
  "ui.options.multiplayer.nametagDontFullyHide": "不要完全隐藏名牌",
  "ui.options.multiplayer.nametagCharLimit": "名牌长度限制",
  "ui.options.multiplayer.nametagCharLimit.tooltip": "您希望在名牌中看到的最大字符数",
  "ui.options.multiplayer.shortenNametags": "缩短名牌和身份标签",
  "ui.options.multiplayer.shortenNametags.tooltip": "缩短过长的玩家名和身份标签名",
  "ui.options.multiplayer.showAdvancedOptions": "显示高级设置",
  "ui.options.multiplayer.showAdvancedOptions.tooltip": "显示所有的BeamMP设置",
  "ui.options.multiplayer.tuneBlobColors": "调整颜色",
  "ui.options.multiplayer.tuneBlobColorsHelp": "十六进制颜色值（例：#FF6400）",
  "ui.options.multiplayer.tuneBlobColorsVisible": "可见",
  "ui.options.multiplayer.tuneColorQueued": "队列载具",
  "ui.options.multiplayer.tuneColorIllegal": "非法载具",
  "ui.options.multiplayer.tuneColorIllegalHelp": "（模组/文件缺失，无法生成）",
  "ui.options.multiplayer.tuneColorDeleted": "移除的载具",
  "ui.options.multiplayer.unicycleTitle": "设置默认独轮车",
  "ui.options.multiplayer.unicycleDefault": "默认独轮车配置",
  "ui.options.multiplayer.unicycleAutoSave": "自动保存您上次使用的独轮车",
  "ui.options.multiplayer.unicycleAutoSave.tooltip": "在独轮车（玩家模型）消失后，它将被保存并用于下次生成",
  "ui.options.multiplayer.unicycleOnSwitch": "默认为",
  "ui.options.multiplayer.skipModSecurityWarning": "跳过模组安全警告弹出窗口",
  "ui.options.multiplayer.skipModSecurityWarning.tooltip": "禁用加入模组服务器时的安全弹出窗口。",
  "ui.options.multiplayer.blobsTitle": "原泡",
  "ui.options.multiplayer.nameTagTitle": "名牌",
  "ui.options.multiplayer.others": "其他",
  "ui.options.multiplayer.new": "全新",
  "ui.options.multiplayer.experimental": "实验",
  "ui.multiplayer.multiplayer": "多人模式",
  "ui.multiplayer.connecting": "连接中",
  "ui.multiplayer.connectingToServer": "正在连接至服务器...",
  "ui.multiplayer.loading": "加载中...",
  "ui.multiplayer.official": "官方服务器",
  "ui.multiplayer.servers": "所有服务器",
  "ui.multiplayer.favorites": "已收藏服务器",
  "ui.multiplayer.favorite": "保存到收藏",
  "ui.multiplayer.favoritedToast.title": "收藏的服务器",
  "ui.multiplayer.favoritedToast.description": "此服务器现已被收藏。",
  "ui.multiplayer.featured": "精选服务器",
  "ui.multiplayer.partner": "合作伙伴服务器",
  "ui.multiplayer.recent": "历史记录",
  "ui.multiplayer.direct_connect": "直接连接",
  "ui.multiplayer.refresh": "刷新",
  "ui.multiplayer.connect": "连接",
  "ui.multiplayer.addCustomServer": "添加自定义服务器",
  "ui.multiplayer.location": "地点",
  "ui.multiplayer.description": "名称",
  "ui.multiplayer.map": "地图",
  "ui.multiplayer.forum": "论坛",
  "ui.multiplayer.docs": "维基",
  "ui.multiplayer.discord": "Discord",
  "ui.multiplayer.patreon": "Patreon",
  "ui.multiplayer.github": "GitHub",
  "ui.multiplayer.players": "玩家",
  "ui.multiplayer.emptyOnly": "仅无人",
  "ui.multiplayer.emptyOnlyTooltip": "仅显示无人的服务器",
  "ui.multiplayer.notEmpty": "仅有人",
  "ui.multiplayer.notEmptyTooltip": "仅显示有人的服务器",
  "ui.multiplayer.notFull": "仅未满",
  "ui.multiplayer.notFullTooltip": "仅显示未满的服务器",
  "ui.multiplayer.mapFilterTooltip": "启用地图过滤",
  "ui.multiplayer.serverVersionFilterTooltip": "启用服务器版本过滤",
  "ui.multiplayer.modSlider": "模组大小限制",
  "ui.multiplayer.modSliderTooltip": "启用模组大小限制",
  "ui.multiplayer.clearRecent": "清空历史记录",
  "ui.multiplayer.pasteFromClipboard": "从剪贴板粘贴",
  "ui.multiplayer.save": "保存",
  "ui.multiplayer.logout": "登出",
  "ui.multiplayer.login": "登录",
  "ui.multiplayer.register": "注册",
  "ui.multiplayer.playAsGuest": "以游客身份游玩",
  "ui.multiplayer.loginDescription1": "登录您的BeamMP账号。",
  "ui.multiplayer.guestDescription1": "以游客身份游玩可能会有一些服务器限制。若要保证完整体验，我们建议使用已注册的账号。",
  "ui.multiplayer.iHaveAnAccount": "我已拥有账号",
  "ui.multiplayer.play": "游玩",
  "ui.multiplayerlauncher.lost": "游戏未链接至启动器，请使用启动器打开游戏。",
  "ui.multiplayerlauncher.connect": "连接",
  "ui.multiplayertos.title": "规则与服务条款",
  "ui.multiplayertos.tos": "服务条款",
  "ui.multiplayertos.rules": "规则",
  "ui.multiplayertos.tos.description1": "完整的服务条款可在此找到 ",
  "ui.multiplayertos.tos.description2": "若要游玩BeamMP，您必须阅读并接受我们的服务条款。",
  "ui.multiplayertos.rules.description1": "我们的规则可在此找到 ",
  "ui.multiplayertos.rules.description2": "若要游玩BeamMP，您必须阅读并接受我们的游戏内规则。",
  "ui.multiplayertos.info1": "更多信息可查看我们的 ",
  "ui.multiplayertos.info2": "您也可以在此找到更多信息 ",
  "ui.common.multiplayer.sync": "同步",
  "ui.apps.categories.multiplayer": "多人模式",
  "ui.camera.mode.passenger": "乘客",
  "ui.multiplayer.security.no_return": "取消并返回",
  "ui.multiplayer.security.accept_proceed": "下载并加入",
  "ui.multiplayer.security.title": "检测到服务器模组",
  "ui.multiplayer.security.prompt": "您正在加入的服务器包含模组，这些模组会自动下载并安装。这些模组可能包含会在您的电脑上运行的代码，并且可能是恶意的。在继续之前，请确保您信任服务器所有者。如果您相信这些模组不是恶意的，可以自行承担风险继续。BeamMP 对从此服务器下载的任何内容不负责任。您可以在设置中禁用此警告。",
  "ui.multiplayer.configprotection.clone.title": "载具复制错误",
  "ui.multiplayer.configprotection.clone.message": "抱歉，您无法复制此载具。",
  "ui.multiplayer.configprotection.save.title": "载具保存错误",
  "ui.multiplayer.configprotection.save.message": "抱歉，您无法保存此载具。",
  "ui.multiplayer.patreon.message.user": "喜欢BeamMP？考虑在Patreon上支持我们的工作！",
  "ui.multiplayer.patreon.button.user": "阅读更多",
  "ui.multiplayer.patreon.message.ea": "感谢您对BeamMP的支持！",
  "ui.multiplayer.patreon.button.ea": "福利",
  "ui.multiplayer.patreon.popup.user": "在Patreon上支持BeamMP",
  "ui.multiplayer.patreon.popup.ea": "感谢您对BeamMP的支持！",
  "ui.multiplayer.filterOptions": "过滤器选项",
  "ui.multiplayer.clearFilters": "重置过滤器选项",
  "ui.multiplayer.openFilters": "打开过滤器选项",
  "ui.multiplayer.activeFilters": "启用过滤器：",
  "ui.multiplayer.filters.empty": "无玩家",
  "ui.multiplayer.filters.notEmpty": "有玩家",
  "ui.multiplayer.filters.notFull": "未满",
  "ui.multiplayer.filters.modSize": "模组大小",
  "ui.multiplayer.filters.map": "地图",
  "ui.multiplayer.filters.serverVersions": "服务器版本：",
  "ui.multiplayer.filters.tags": "标签：",
  "ui.multiplayer.tagFilterTooltip": "按标签过滤"
}
